-- phpMyAdmin SQL Dump
-- version 5.2.0
-- https://www.phpmyadmin.net/
--
-- Máy chủ: 127.0.0.1
-- Thời gian đã tạo: Th5 18, 2023 lúc 12:17 PM
-- Phiên bản máy phục vụ: 10.4.27-MariaDB
-- Phiên bản PHP: 8.1.12

SET SQL_MODE = "NO_AUTO_VALUE_ON_ZERO";
START TRANSACTION;
SET time_zone = "+00:00";


/*!40101 SET @OLD_CHARACTER_SET_CLIENT=@@CHARACTER_SET_CLIENT */;
/*!40101 SET @OLD_CHARACTER_SET_RESULTS=@@CHARACTER_SET_RESULTS */;
/*!40101 SET @OLD_COLLATION_CONNECTION=@@COLLATION_CONNECTION */;
/*!40101 SET NAMES utf8mb4 */;

--
-- Cơ sở dữ liệu: `bookingroom`
--

-- --------------------------------------------------------

--
-- Cấu trúc bảng cho bảng `doctrine_migration_versions`
--

CREATE TABLE `doctrine_migration_versions` (
  `version` varchar(191) NOT NULL,
  `executed_at` datetime DEFAULT NULL,
  `execution_time` int(11) DEFAULT NULL
) ENGINE=InnoDB DEFAULT CHARSET=utf8 COLLATE=utf8_unicode_ci;

--
-- Đang đổ dữ liệu cho bảng `doctrine_migration_versions`
--

INSERT INTO `doctrine_migration_versions` (`version`, `executed_at`, `execution_time`) VALUES
('DoctrineMigrations\\Version20230315093802', '2023-03-15 10:38:17', 399),
('DoctrineMigrations\\Version20230315094142', '2023-03-15 10:41:46', 95),
('DoctrineMigrations\\Version20230315094802', '2023-03-15 10:48:10', 137),
('DoctrineMigrations\\Version20230315094852', '2023-03-15 10:48:55', 29),
('DoctrineMigrations\\Version20230315110556', '2023-03-15 12:06:06', 83),
('DoctrineMigrations\\Version20230316084645', '2023-03-16 09:46:53', 483),
('DoctrineMigrations\\Version20230316084803', '2023-03-16 09:48:06', 51),
('DoctrineMigrations\\Version20230316085240', '2023-03-16 09:52:43', 36),
('DoctrineMigrations\\Version20230316085333', '2023-03-16 09:53:36', 28),
('DoctrineMigrations\\Version20230316092535', '2023-03-16 10:25:39', 96),
('DoctrineMigrations\\Version20230316093149', '2023-03-16 10:31:52', 60),
('DoctrineMigrations\\Version20230518095340', '2023-05-18 11:54:01', 169),
('DoctrineMigrations\\Version20230518100111', '2023-05-18 12:01:19', 61);

-- --------------------------------------------------------

--
-- Cấu trúc bảng cho bảng `reservation`
--

CREATE TABLE `reservation` (
  `id` int(11) NOT NULL,
  `user_id` int(11) NOT NULL,
  `room_id` int(11) DEFAULT NULL,
  `reason` longtext NOT NULL,
  `date` date NOT NULL,
  `status` tinyint(1) NOT NULL,
  `slot` varchar(255) NOT NULL,
  `amount` int(11) NOT NULL
) ENGINE=InnoDB DEFAULT CHARSET=utf8mb4 COLLATE=utf8mb4_unicode_ci;

-- --------------------------------------------------------

--
-- Cấu trúc bảng cho bảng `room`
--

CREATE TABLE `room` (
  `id` int(11) NOT NULL,
  `name` varchar(255) NOT NULL
) ENGINE=InnoDB DEFAULT CHARSET=utf8mb4 COLLATE=utf8mb4_unicode_ci;

--
-- Đang đổ dữ liệu cho bảng `room`
--

INSERT INTO `room` (`id`, `name`) VALUES
(1, 'G401'),
(2, 'G402'),
(3, 'G403'),
(4, 'G404'),
(5, 'G405'),
(6, 'G407'),
(7, 'G408'),
(8, 'G409'),
(9, 'G411'),
(10, 'G412'),
(11, 'G414'),
(12, 'G415'),
(13, 'G419'),
(14, 'G501'),
(15, 'G502'),
(16, 'G503'),
(17, 'G504'),
(18, 'G505'),
(19, 'G506'),
(20, 'G508'),
(21, 'G511'),
(22, 'G512'),
(23, 'Area 1'),
(24, 'Area 2'),
(25, 'A Test'),
(26, 'Area 3'),
(27, 'A Test 01');

-- --------------------------------------------------------

--
-- Cấu trúc bảng cho bảng `schedule`
--

CREATE TABLE `schedule` (
  `id` int(11) NOT NULL,
  `room_id` int(11) NOT NULL,
  `date` date NOT NULL,
  `class` varchar(255) NOT NULL,
  `slot` varchar(255) NOT NULL
) ENGINE=InnoDB DEFAULT CHARSET=utf8mb4 COLLATE=utf8mb4_unicode_ci;

--
-- Đang đổ dữ liệu cho bảng `schedule`
--

INSERT INTO `schedule` (`id`, `room_id`, `date`, `class`, `slot`) VALUES
(1, 19, '2023-05-15', 'ENR402 - TUTOR', '5'),
(2, 19, '2023-05-15', 'ENR402 - TUTOR', '6'),
(3, 19, '2023-05-17', 'ENR402 - TUTOR', '5'),
(4, 19, '2023-05-17', 'ENR402 - TUTOR', '6'),
(5, 17, '2023-05-19', 'ENR402 - TUTOR', '5'),
(6, 17, '2023-05-19', 'ENR402 - TUTOR', '6'),
(7, 19, '2023-05-22', 'ENR402 - TUTOR', '5'),
(8, 19, '2023-05-22', 'ENR402 - TUTOR', '6'),
(9, 19, '2023-05-24', 'ENR402 - TUTOR', '5'),
(10, 19, '2023-05-24', 'ENR402 - TUTOR', '6'),
(11, 19, '2023-05-26', 'ENR402 - TUTOR', '5'),
(12, 19, '2023-05-26', 'ENR402 - TUTOR', '6'),
(13, 19, '2023-05-29', 'ENR402 - TUTOR', '5'),
(14, 19, '2023-05-29', 'ENR402 - TUTOR', '6'),
(15, 19, '2023-06-02', 'ENR402 - TUTOR', '5'),
(16, 19, '2023-06-02', 'ENR402 - TUTOR', '6'),
(17, 19, '2023-06-05', 'ENR402 - TUTOR', '5'),
(18, 19, '2023-06-05', 'ENR402 - TUTOR', '6'),
(19, 19, '2023-06-07', 'ENR402 - TUTOR', '5'),
(20, 19, '2023-06-07', 'ENR402 - TUTOR', '6'),
(21, 19, '2023-06-09', 'ENR402 - TUTOR', '5'),
(22, 19, '2023-06-09', 'ENR402 - TUTOR', '6'),
(23, 19, '2023-06-12', 'ENR402 - TUTOR', '5'),
(24, 19, '2023-06-12', 'ENR402 - TUTOR', '6'),
(25, 12, '2023-05-08', 'GEC2262', '1'),
(26, 12, '2023-05-08', 'GEC2262', '2'),
(27, 12, '2023-05-09', 'GEC2262', '1'),
(28, 12, '2023-05-09', 'GEC2262', '2'),
(29, 12, '2023-05-10', 'GEC2262', '1'),
(30, 12, '2023-05-10', 'GEC2262', '2'),
(31, 12, '2023-05-11', 'GEC2262', '1'),
(32, 12, '2023-05-11', 'GEC2262', '2'),
(33, 12, '2023-05-12', 'GEC2262', '1'),
(34, 12, '2023-05-12', 'GEC2262', '2'),
(35, 12, '2023-05-13', 'GEC2262', '1'),
(36, 12, '2023-05-13', 'GEC2262', '2'),
(37, 12, '2023-05-15', 'GEC2262', '1'),
(38, 12, '2023-05-15', 'GEC2262', '2'),
(39, 12, '2023-05-16', 'GEC2262', '1'),
(40, 12, '2023-05-16', 'GEC2262', '2'),
(41, 12, '2023-05-17', 'GEC2262', '1'),
(42, 12, '2023-05-17', 'GEC2262', '2'),
(43, 12, '2023-05-18', 'GEC2262', '1'),
(44, 12, '2023-05-18', 'GEC2262', '2'),
(45, 12, '2023-05-19', 'GEC2262', '1'),
(46, 12, '2023-05-19', 'GEC2262', '2'),
(47, 12, '2023-05-20', 'GEC2262', '1'),
(48, 12, '2023-05-20', 'GEC2262', '2'),
(49, 12, '2023-05-22', 'GEC2262', '1'),
(50, 12, '2023-05-22', 'GEC2262', '2'),
(51, 12, '2023-05-23', 'GEC2262', '1'),
(52, 12, '2023-05-23', 'GEC2262', '2'),
(53, 12, '2023-05-24', 'GEC2262', '1'),
(54, 12, '2023-05-24', 'GEC2262', '2'),
(55, 12, '2023-05-25', 'GEC2262', '1'),
(56, 12, '2023-05-25', 'GEC2262', '2'),
(57, 12, '2023-05-26', 'GEC2262', '1'),
(58, 12, '2023-05-26', 'GEC2262', '2'),
(59, 12, '2023-05-27', 'GEC2262', '1'),
(60, 12, '2023-05-27', 'GEC2262', '2'),
(61, 12, '2023-05-29', 'GEC2262', '1'),
(62, 12, '2023-05-29', 'GEC2262', '2'),
(63, 12, '2023-05-30', 'GEC2262', '1'),
(64, 12, '2023-05-30', 'GEC2262', '2'),
(65, 12, '2023-06-01', 'GEC2262', '1'),
(66, 12, '2023-06-01', 'GEC2262', '2'),
(67, 12, '2023-06-02', 'GEC2262', '1'),
(68, 12, '2023-06-02', 'GEC2262', '2'),
(69, 12, '2023-06-03', 'GEC2262', '1'),
(70, 12, '2023-06-03', 'GEC2262', '2'),
(71, 12, '2023-06-05', 'GEC2262', '1'),
(72, 12, '2023-06-05', 'GEC2262', '2'),
(73, 12, '2023-06-06', 'GEC2262', '1'),
(74, 12, '2023-06-06', 'GEC2262', '2'),
(75, 12, '2023-06-07', 'GEC2262', '1'),
(76, 12, '2023-06-07', 'GEC2262', '2'),
(77, 12, '2023-06-08', 'GEC2262', '1'),
(78, 12, '2023-06-08', 'GEC2262', '2'),
(79, 12, '2023-06-09', 'GEC2262', '1'),
(80, 12, '2023-06-09', 'GEC2262', '2'),
(81, 12, '2023-06-10', 'GEC2262', '1'),
(82, 12, '2023-06-10', 'GEC2262', '2'),
(83, 12, '2023-06-12', 'GEC2262', '1'),
(84, 12, '2023-06-12', 'GEC2262', '2'),
(85, 12, '2023-06-13', 'GEC2262', '1'),
(86, 12, '2023-06-13', 'GEC2262', '2'),
(87, 12, '2023-06-14', 'GEC2262', '1'),
(88, 12, '2023-06-14', 'GEC2262', '2'),
(89, 12, '2023-06-15', 'GEC2262', '1'),
(90, 12, '2023-06-15', 'GEC2262', '2'),
(91, 12, '2023-06-16', 'GEC2262', '1'),
(92, 12, '2023-06-16', 'GEC2262', '2'),
(93, 12, '2023-06-17', 'GEC2262', '1'),
(94, 12, '2023-06-17', 'GEC2262', '2'),
(95, 10, '2023-05-08', 'GEC2263', '1'),
(96, 10, '2023-05-08', 'GEC2263', '2'),
(97, 10, '2023-05-09', 'GEC2263', '1'),
(98, 10, '2023-05-09', 'GEC2263', '2'),
(99, 10, '2023-05-10', 'GEC2263', '1'),
(100, 10, '2023-05-10', 'GEC2263', '2'),
(101, 10, '2023-05-11', 'GEC2263', '1'),
(102, 10, '2023-05-11', 'GEC2263', '2'),
(103, 10, '2023-05-12', 'GEC2263', '1'),
(104, 10, '2023-05-12', 'GEC2263', '2'),
(105, 10, '2023-05-13', 'GEC2263', '1'),
(106, 10, '2023-05-13', 'GEC2263', '2'),
(107, 10, '2023-05-15', 'GEC2263', '1'),
(108, 10, '2023-05-15', 'GEC2263', '2'),
(109, 10, '2023-05-16', 'GEC2263', '1'),
(110, 10, '2023-05-16', 'GEC2263', '2'),
(111, 10, '2023-05-17', 'GEC2263', '1'),
(112, 10, '2023-05-17', 'GEC2263', '2'),
(113, 10, '2023-05-18', 'GEC2263', '1'),
(114, 10, '2023-05-18', 'GEC2263', '2'),
(115, 10, '2023-05-19', 'GEC2263', '1'),
(116, 10, '2023-05-19', 'GEC2263', '2'),
(117, 10, '2023-05-20', 'GEC2263', '1'),
(118, 10, '2023-05-20', 'GEC2263', '2'),
(119, 10, '2023-05-22', 'GEC2263', '1'),
(120, 10, '2023-05-22', 'GEC2263', '2'),
(121, 10, '2023-05-23', 'GEC2263', '1'),
(122, 10, '2023-05-23', 'GEC2263', '2'),
(123, 10, '2023-05-24', 'GEC2263', '1'),
(124, 10, '2023-05-24', 'GEC2263', '2'),
(125, 10, '2023-05-25', 'GEC2263', '1'),
(126, 10, '2023-05-25', 'GEC2263', '2'),
(127, 10, '2023-05-26', 'GEC2263', '1'),
(128, 10, '2023-05-26', 'GEC2263', '2'),
(129, 10, '2023-05-27', 'GEC2263', '1'),
(130, 10, '2023-05-27', 'GEC2263', '2'),
(131, 10, '2023-05-29', 'GEC2263', '1'),
(132, 10, '2023-05-29', 'GEC2263', '2'),
(133, 10, '2023-05-30', 'GEC2263', '1'),
(134, 10, '2023-05-30', 'GEC2263', '2'),
(135, 10, '2023-06-01', 'GEC2263', '1'),
(136, 10, '2023-06-01', 'GEC2263', '2'),
(137, 10, '2023-06-02', 'GEC2263', '1'),
(138, 10, '2023-06-02', 'GEC2263', '2'),
(139, 10, '2023-06-03', 'GEC2263', '1'),
(140, 10, '2023-06-03', 'GEC2263', '2'),
(141, 10, '2023-06-05', 'GEC2263', '1'),
(142, 10, '2023-06-05', 'GEC2263', '2'),
(143, 10, '2023-06-06', 'GEC2263', '1'),
(144, 10, '2023-06-06', 'GEC2263', '2'),
(145, 10, '2023-06-07', 'GEC2263', '1'),
(146, 10, '2023-06-07', 'GEC2263', '2'),
(147, 10, '2023-06-08', 'GEC2263', '1'),
(148, 10, '2023-06-08', 'GEC2263', '2'),
(149, 10, '2023-06-09', 'GEC2263', '1'),
(150, 10, '2023-06-09', 'GEC2263', '2'),
(151, 10, '2023-06-10', 'GEC2263', '1'),
(152, 10, '2023-06-10', 'GEC2263', '2'),
(153, 10, '2023-06-12', 'GEC2263', '1'),
(154, 10, '2023-06-12', 'GEC2263', '2'),
(155, 10, '2023-06-13', 'GEC2263', '1'),
(156, 10, '2023-06-13', 'GEC2263', '2'),
(157, 10, '2023-06-14', 'GEC2263', '1'),
(158, 10, '2023-06-14', 'GEC2263', '2'),
(159, 10, '2023-06-15', 'GEC2263', '1'),
(160, 10, '2023-06-15', 'GEC2263', '2'),
(161, 10, '2023-06-16', 'GEC2263', '1'),
(162, 10, '2023-06-16', 'GEC2263', '2'),
(163, 10, '2023-06-17', 'GEC2263', '1'),
(164, 10, '2023-06-17', 'GEC2263', '2'),
(165, 22, '2023-05-15', 'VSTEP1103', '4'),
(166, 22, '2023-05-16', 'VSTEP1103', '2'),
(167, 22, '2023-05-17', 'VSTEP1103', '2'),
(168, 22, '2023-05-18', 'VSTEP1103', '2'),
(169, 22, '2023-05-19', 'VSTEP1103', '2'),
(170, 22, '2023-05-22', 'VSTEP1103', '4'),
(171, 22, '2023-05-23', 'VSTEP1103', '2'),
(172, 22, '2023-05-24', 'VSTEP1103', '2'),
(173, 22, '2023-05-25', 'VSTEP1103', '2'),
(174, 22, '2023-05-26', 'VSTEP1103', '2'),
(175, 22, '2023-05-15', 'VSTEP1104', '3'),
(176, 22, '2023-05-16', 'VSTEP1104', '3'),
(177, 22, '2023-05-17', 'VSTEP1104', '3'),
(178, 22, '2023-05-18', 'VSTEP1104', '3'),
(179, 16, '2023-05-19', 'VSTEP1104', '5'),
(180, 22, '2023-05-22', 'VSTEP1104', '3'),
(181, 22, '2023-05-23', 'VSTEP1104', '3'),
(182, 22, '2023-05-24', 'VSTEP1104', '3'),
(183, 22, '2023-05-25', 'VSTEP1104', '3'),
(184, 22, '2023-05-26', 'VSTEP1104', '5'),
(185, 22, '2023-05-15', 'VSTEP1105', '5'),
(186, 22, '2023-05-16', 'VSTEP1105', '4'),
(187, 22, '2023-05-17', 'VSTEP1105', '4'),
(188, 19, '2023-05-18', 'VSTEP1105', '3'),
(189, 22, '2023-05-19', 'VSTEP1105', '3'),
(190, 22, '2023-05-22', 'VSTEP1105', '5'),
(191, 22, '2023-05-23', 'VSTEP1105', '4'),
(192, 22, '2023-05-24', 'VSTEP1105', '4'),
(193, 19, '2023-05-25', 'VSTEP1105', '3'),
(194, 19, '2023-05-26', 'VSTEP1105', '3'),
(195, 1, '2023-05-25', '1625 - TUTOR', '1'),
(196, 1, '2023-05-25', '1625 - TUTOR', '2'),
(197, 10, '2023-05-27', '1625 - TUTOR', '3'),
(198, 10, '2023-05-27', '1625 - TUTOR', '4'),
(199, 1, '2023-06-01', '1625 - TUTOR', '1'),
(200, 1, '2023-06-01', '1625 - TUTOR', '2'),
(201, 10, '2023-06-03', '1625 - TUTOR', '3'),
(202, 10, '2023-06-03', '1625 - TUTOR', '4'),
(203, 10, '2023-06-08', '1625 - TUTOR', '3'),
(204, 10, '2023-06-08', '1625 - TUTOR', '4'),
(205, 10, '2023-06-10', '1625 - TUTOR', '3'),
(206, 10, '2023-06-10', '1625 - TUTOR', '4'),
(207, 10, '2023-06-15', '1625 - TUTOR', '3'),
(208, 10, '2023-06-15', '1625 - TUTOR', '4'),
(209, 10, '2023-06-17', '1625 - TUTOR', '3'),
(210, 10, '2023-06-17', '1625 - TUTOR', '4'),
(211, 10, '2023-06-22', '1625 - TUTOR', '3'),
(212, 10, '2023-06-22', '1625 - TUTOR', '4'),
(213, 10, '2023-06-24', '1625 - TUTOR', '3'),
(214, 10, '2023-06-24', '1625 - TUTOR', '4'),
(215, 10, '2023-05-15', '1670 - TUTOR', '7'),
(216, 10, '2023-05-15', '1670 - TUTOR', '8'),
(217, 10, '2023-05-17', '1670 - TUTOR', '7'),
(218, 10, '2023-05-17', '1670 - TUTOR', '8'),
(219, 10, '2023-05-22', '1670 - TUTOR', '7'),
(220, 10, '2023-05-22', '1670 - TUTOR', '8'),
(221, 10, '2023-05-26', '1670 - TUTOR', '7'),
(222, 10, '2023-05-26', '1670 - TUTOR', '8'),
(223, 10, '2023-05-29', '1670 - TUTOR', '7'),
(224, 10, '2023-05-29', '1670 - TUTOR', '8'),
(225, 10, '2023-05-31', '1670 - TUTOR', '7'),
(226, 10, '2023-05-31', '1670 - TUTOR', '8'),
(227, 10, '2023-06-02', '1670 - TUTOR', '7'),
(228, 10, '2023-06-02', '1670 - TUTOR', '8'),
(229, 10, '2023-06-05', '1670 - TUTOR', '7'),
(230, 10, '2023-06-05', '1670 - TUTOR', '8'),
(231, 10, '2023-06-07', '1670 - TUTOR', '7'),
(232, 10, '2023-06-07', '1670 - TUTOR', '8'),
(233, 10, '2023-06-09', '1670 - TUTOR', '7'),
(234, 10, '2023-06-09', '1670 - TUTOR', '8'),
(235, 10, '2023-06-12', '1670 - TUTOR', '7'),
(236, 10, '2023-06-12', '1670 - TUTOR', '8'),
(237, 10, '2023-06-14', '1670 - TUTOR', '7'),
(238, 10, '2023-06-14', '1670 - TUTOR', '8'),
(239, 10, '2023-06-16', '1670 - TUTOR', '7'),
(240, 10, '2023-06-16', '1670 - TUTOR', '8'),
(241, 10, '2023-06-19', '1670 - TUTOR', '7'),
(242, 10, '2023-06-19', '1670 - TUTOR', '8'),
(243, 10, '2023-06-21', '1670 - TUTOR', '7'),
(244, 10, '2023-06-21', '1670 - TUTOR', '8'),
(245, 3, '2023-05-26', '1690 - TUTOR', '1'),
(246, 3, '2023-05-26', '1690 - TUTOR', '2'),
(247, 3, '2023-05-27', '1690 - TUTOR', '1'),
(248, 3, '2023-05-27', '1690 - TUTOR', '2'),
(249, 3, '2023-06-02', '1690 - TUTOR', '1'),
(250, 3, '2023-06-02', '1690 - TUTOR', '2'),
(251, 3, '2023-06-03', '1690 - TUTOR', '1'),
(252, 3, '2023-06-03', '1690 - TUTOR', '2'),
(253, 3, '2023-06-09', '1690 - TUTOR', '1'),
(254, 3, '2023-06-09', '1690 - TUTOR', '2'),
(255, 3, '2023-06-10', '1690 - TUTOR', '1'),
(256, 3, '2023-06-10', '1690 - TUTOR', '2'),
(257, 3, '2023-06-16', '1690 - TUTOR', '1'),
(258, 3, '2023-06-16', '1690 - TUTOR', '2'),
(259, 3, '2023-06-17', '1690 - TUTOR', '1'),
(260, 3, '2023-06-17', '1690 - TUTOR', '2'),
(261, 20, '2023-05-17', '528 - TUTOR', '7'),
(262, 20, '2023-05-17', '528 - TUTOR', '8'),
(263, 20, '2023-05-22', '528 - TUTOR', '5'),
(264, 20, '2023-05-22', '528 - TUTOR', '6'),
(265, 20, '2023-05-29', '528 - TUTOR', '5'),
(266, 20, '2023-05-29', '528 - TUTOR', '6'),
(267, 20, '2023-06-05', '528 - TUTOR', '5'),
(268, 20, '2023-06-05', '528 - TUTOR', '6'),
(269, 20, '2023-06-12', '528 - TUTOR', '5'),
(270, 20, '2023-06-12', '528 - TUTOR', '6'),
(271, 14, '2023-05-08', 'GBC1001', '5'),
(272, 14, '2023-05-08', 'GBC1001', '6'),
(273, 14, '2023-05-10', 'GBC1001', '5'),
(274, 14, '2023-05-10', 'GBC1001', '6'),
(275, 14, '2023-05-12', 'GBC1001', '5'),
(276, 14, '2023-05-12', 'GBC1001', '6'),
(277, 14, '2023-05-15', 'GBC1001', '5'),
(278, 14, '2023-05-15', 'GBC1001', '6'),
(279, 14, '2023-05-17', 'GBC1001', '5'),
(280, 14, '2023-05-17', 'GBC1001', '6'),
(281, 14, '2023-05-19', 'GBC1001', '5'),
(282, 14, '2023-05-19', 'GBC1001', '6'),
(283, 14, '2023-05-22', 'GBC1001', '5'),
(284, 14, '2023-05-22', 'GBC1001', '6'),
(285, 14, '2023-05-24', 'GBC1001', '5'),
(286, 14, '2023-05-24', 'GBC1001', '6'),
(287, 14, '2023-05-26', 'GBC1001', '5'),
(288, 14, '2023-05-26', 'GBC1001', '6'),
(289, 14, '2023-05-29', 'GBC1001', '5'),
(290, 14, '2023-05-29', 'GBC1001', '6'),
(291, 14, '2023-05-31', 'GBC1001', '5'),
(292, 14, '2023-05-31', 'GBC1001', '6'),
(293, 14, '2023-06-02', 'GBC1001', '5'),
(294, 14, '2023-06-02', 'GBC1001', '6'),
(295, 14, '2023-06-05', 'GBC1001', '5'),
(296, 14, '2023-06-05', 'GBC1001', '6'),
(297, 14, '2023-06-07', 'GBC1001', '5'),
(298, 14, '2023-06-07', 'GBC1001', '6'),
(299, 14, '2023-06-09', 'GBC1001', '5'),
(300, 14, '2023-06-09', 'GBC1001', '6'),
(301, 14, '2023-06-12', 'GBC1001', '5'),
(302, 14, '2023-06-12', 'GBC1001', '6'),
(303, 14, '2023-06-14', 'GBC1001', '5'),
(304, 14, '2023-06-14', 'GBC1001', '6'),
(305, 14, '2023-06-16', 'GBC1001', '5'),
(306, 14, '2023-06-16', 'GBC1001', '6'),
(307, 14, '2023-06-19', 'GBC1001', '5'),
(308, 14, '2023-06-19', 'GBC1001', '6'),
(309, 14, '2023-06-21', 'GBC1001', '5'),
(310, 14, '2023-06-21', 'GBC1001', '6'),
(311, 20, '2023-05-08', 'GBC1001', '1'),
(312, 20, '2023-05-08', 'GBC1001', '2'),
(313, 20, '2023-05-10', 'GBC1001', '1'),
(314, 20, '2023-05-10', 'GBC1001', '2'),
(315, 20, '2023-05-12', 'GBC1001', '1'),
(316, 20, '2023-05-12', 'GBC1001', '2'),
(317, 20, '2023-05-17', 'GBC1001', '1'),
(318, 20, '2023-05-17', 'GBC1001', '2'),
(319, 20, '2023-05-19', 'GBC1001', '1'),
(320, 20, '2023-05-19', 'GBC1001', '2'),
(321, 20, '2023-05-21', 'GBC1001', '1'),
(322, 20, '2023-05-21', 'GBC1001', '2'),
(323, 20, '2023-05-22', 'GBC1001', '1'),
(324, 20, '2023-05-22', 'GBC1001', '2'),
(325, 20, '2023-05-24', 'GBC1001', '1'),
(326, 20, '2023-05-24', 'GBC1001', '2'),
(327, 20, '2023-05-26', 'GBC1001', '1'),
(328, 20, '2023-05-26', 'GBC1001', '2'),
(329, 20, '2023-05-29', 'GBC1001', '1'),
(330, 20, '2023-05-29', 'GBC1001', '2'),
(331, 20, '2023-05-31', 'GBC1001', '1'),
(332, 20, '2023-05-31', 'GBC1001', '2'),
(333, 20, '2023-06-02', 'GBC1001', '1'),
(334, 20, '2023-06-02', 'GBC1001', '2'),
(335, 20, '2023-06-05', 'GBC1001', '1'),
(336, 20, '2023-06-05', 'GBC1001', '2'),
(337, 20, '2023-06-07', 'GBC1001', '1'),
(338, 20, '2023-06-07', 'GBC1001', '2'),
(339, 20, '2023-06-09', 'GBC1001', '1'),
(340, 20, '2023-06-09', 'GBC1001', '2'),
(341, 20, '2023-06-12', 'GBC1001', '1'),
(342, 20, '2023-06-12', 'GBC1001', '2'),
(343, 20, '2023-06-14', 'GBC1001', '1'),
(344, 20, '2023-06-14', 'GBC1001', '2'),
(345, 20, '2023-06-16', 'GBC1001', '1'),
(346, 20, '2023-06-16', 'GBC1001', '2'),
(347, 20, '2023-06-19', 'GBC1001', '1'),
(348, 20, '2023-06-19', 'GBC1001', '2'),
(349, 20, '2023-06-21', 'GBC1001', '1'),
(350, 20, '2023-06-21', 'GBC1001', '2'),
(351, 14, '2023-05-09', 'GBC1002', '1'),
(352, 14, '2023-05-09', 'GBC1002', '2'),
(353, 14, '2023-05-09', 'GBC1002', '3'),
(354, 14, '2023-05-11', 'GBC1002', '1'),
(355, 14, '2023-05-11', 'GBC1002', '2'),
(356, 14, '2023-05-11', 'GBC1002', '3'),
(357, 14, '2023-05-16', 'GBC1002', '1'),
(358, 14, '2023-05-16', 'GBC1002', '2'),
(359, 14, '2023-05-16', 'GBC1002', '3'),
(360, 14, '2023-05-18', 'GBC1002', '1'),
(361, 14, '2023-05-18', 'GBC1002', '2'),
(362, 14, '2023-05-18', 'GBC1002', '3'),
(363, 14, '2023-05-23', 'GBC1002', '1'),
(364, 14, '2023-05-23', 'GBC1002', '2'),
(365, 14, '2023-05-23', 'GBC1002', '3'),
(366, 14, '2023-05-25', 'GBC1002', '1'),
(367, 14, '2023-05-25', 'GBC1002', '2'),
(368, 14, '2023-05-25', 'GBC1002', '3'),
(369, 14, '2023-05-30', 'GBC1002', '1'),
(370, 14, '2023-05-30', 'GBC1002', '2'),
(371, 14, '2023-05-30', 'GBC1002', '3'),
(372, 14, '2023-06-01', 'GBC1002', '1'),
(373, 14, '2023-06-01', 'GBC1002', '2'),
(374, 14, '2023-06-01', 'GBC1002', '3'),
(375, 14, '2023-06-06', 'GBC1002', '1'),
(376, 14, '2023-06-06', 'GBC1002', '2'),
(377, 14, '2023-06-06', 'GBC1002', '3'),
(378, 14, '2023-06-08', 'GBC1002', '1'),
(379, 14, '2023-06-08', 'GBC1002', '2'),
(380, 14, '2023-06-08', 'GBC1002', '3'),
(381, 14, '2023-06-13', 'GBC1002', '1'),
(382, 14, '2023-06-13', 'GBC1002', '2'),
(383, 14, '2023-06-13', 'GBC1002', '3'),
(384, 14, '2023-06-15', 'GBC1002', '1'),
(385, 14, '2023-06-15', 'GBC1002', '2'),
(386, 14, '2023-06-15', 'GBC1002', '3'),
(387, 14, '2023-06-20', 'GBC1002', '2'),
(388, 14, '2023-06-20', 'GBC1002', '3'),
(389, 14, '2023-06-22', 'GBC1002', '2'),
(390, 14, '2023-06-22', 'GBC1002', '3'),
(391, 15, '2023-05-08', 'GBC1002', '1'),
(392, 15, '2023-05-08', 'GBC1002', '2'),
(393, 15, '2023-05-10', 'GBC1002', '1'),
(394, 15, '2023-05-10', 'GBC1002', '2'),
(395, 15, '2023-05-12', 'GBC1002', '1'),
(396, 15, '2023-05-12', 'GBC1002', '2'),
(397, 15, '2023-05-15', 'GBC1002', '1'),
(398, 15, '2023-05-15', 'GBC1002', '2'),
(399, 15, '2023-05-17', 'GBC1002', '1'),
(400, 15, '2023-05-17', 'GBC1002', '2'),
(401, 15, '2023-05-19', 'GBC1002', '1'),
(402, 15, '2023-05-19', 'GBC1002', '2'),
(403, 15, '2023-05-22', 'GBC1002', '1'),
(404, 15, '2023-05-22', 'GBC1002', '2'),
(405, 15, '2023-05-24', 'GBC1002', '1'),
(406, 15, '2023-05-24', 'GBC1002', '2'),
(407, 15, '2023-05-26', 'GBC1002', '1'),
(408, 15, '2023-05-26', 'GBC1002', '2'),
(409, 15, '2023-05-29', 'GBC1002', '1'),
(410, 15, '2023-05-29', 'GBC1002', '2'),
(411, 15, '2023-05-31', 'GBC1002', '1'),
(412, 15, '2023-05-31', 'GBC1002', '2'),
(413, 15, '2023-06-02', 'GBC1002', '1'),
(414, 15, '2023-06-02', 'GBC1002', '2'),
(415, 15, '2023-06-05', 'GBC1002', '1'),
(416, 15, '2023-06-05', 'GBC1002', '2'),
(417, 15, '2023-06-07', 'GBC1002', '1'),
(418, 15, '2023-06-07', 'GBC1002', '2'),
(419, 15, '2023-06-09', 'GBC1002', '1'),
(420, 15, '2023-06-09', 'GBC1002', '2'),
(421, 15, '2023-06-12', 'GBC1002', '1'),
(422, 15, '2023-06-12', 'GBC1002', '2'),
(423, 15, '2023-06-14', 'GBC1002', '1'),
(424, 15, '2023-06-14', 'GBC1002', '2'),
(425, 15, '2023-06-16', 'GBC1002', '1'),
(426, 15, '2023-06-16', 'GBC1002', '2'),
(427, 15, '2023-06-19', 'GBC1002', '1'),
(428, 15, '2023-06-19', 'GBC1002', '2'),
(429, 15, '2023-06-21', 'GBC1002', '1'),
(430, 15, '2023-06-21', 'GBC1002', '2'),
(431, 14, '2023-05-08', 'GBC1003', '1'),
(432, 14, '2023-05-08', 'GBC1003', '2'),
(433, 14, '2023-05-10', 'GBC1003', '1'),
(434, 14, '2023-05-10', 'GBC1003', '2'),
(435, 14, '2023-05-12', 'GBC1003', '1'),
(436, 14, '2023-05-12', 'GBC1003', '2'),
(437, 14, '2023-05-15', 'GBC1003', '1'),
(438, 14, '2023-05-15', 'GBC1003', '2'),
(439, 14, '2023-05-17', 'GBC1003', '1'),
(440, 14, '2023-05-17', 'GBC1003', '2'),
(441, 14, '2023-05-19', 'GBC1003', '1'),
(442, 14, '2023-05-19', 'GBC1003', '2'),
(443, 14, '2023-05-22', 'GBC1003', '1'),
(444, 14, '2023-05-22', 'GBC1003', '2'),
(445, 14, '2023-05-24', 'GBC1003', '1'),
(446, 14, '2023-05-24', 'GBC1003', '2'),
(447, 14, '2023-05-26', 'GBC1003', '1'),
(448, 14, '2023-05-26', 'GBC1003', '2'),
(449, 14, '2023-05-29', 'GBC1003', '1'),
(450, 14, '2023-05-29', 'GBC1003', '2'),
(451, 14, '2023-05-31', 'GBC1003', '1'),
(452, 14, '2023-05-31', 'GBC1003', '2'),
(453, 14, '2023-06-02', 'GBC1003', '1'),
(454, 14, '2023-06-02', 'GBC1003', '2'),
(455, 14, '2023-06-05', 'GBC1003', '1'),
(456, 14, '2023-06-05', 'GBC1003', '2'),
(457, 14, '2023-06-07', 'GBC1003', '1'),
(458, 14, '2023-06-07', 'GBC1003', '2'),
(459, 14, '2023-06-09', 'GBC1003', '1'),
(460, 14, '2023-06-09', 'GBC1003', '2'),
(461, 14, '2023-06-12', 'GBC1003', '1'),
(462, 14, '2023-06-12', 'GBC1003', '2'),
(463, 14, '2023-06-14', 'GBC1003', '1'),
(464, 14, '2023-06-14', 'GBC1003', '2'),
(465, 14, '2023-06-16', 'GBC1003', '1'),
(466, 14, '2023-06-16', 'GBC1003', '2'),
(467, 14, '2023-06-19', 'GBC1003', '1'),
(468, 14, '2023-06-19', 'GBC1003', '2'),
(469, 14, '2023-06-21', 'GBC1003', '1'),
(470, 14, '2023-06-21', 'GBC1003', '2'),
(471, 21, '2023-05-11', 'GBC1003', '1'),
(472, 21, '2023-05-11', 'GBC1003', '2'),
(473, 21, '2023-05-11', 'GBC1003', '5'),
(474, 21, '2023-05-11', 'GBC1003', '6'),
(475, 21, '2023-05-13', 'GBC1003', '3'),
(476, 21, '2023-05-13', 'GBC1003', '4'),
(477, 21, '2023-05-18', 'GBC1003', '1'),
(478, 21, '2023-05-18', 'GBC1003', '2'),
(479, 21, '2023-05-18', 'GBC1003', '5'),
(480, 21, '2023-05-18', 'GBC1003', '6'),
(481, 21, '2023-05-20', 'GBC1003', '3'),
(482, 21, '2023-05-20', 'GBC1003', '4'),
(483, 21, '2023-05-25', 'GBC1003', '1'),
(484, 21, '2023-05-25', 'GBC1003', '2'),
(485, 21, '2023-05-25', 'GBC1003', '5'),
(486, 21, '2023-05-25', 'GBC1003', '6'),
(487, 21, '2023-05-27', 'GBC1003', '3'),
(488, 21, '2023-05-27', 'GBC1003', '4'),
(489, 21, '2023-06-01', 'GBC1003', '1'),
(490, 21, '2023-06-01', 'GBC1003', '2'),
(491, 21, '2023-06-01', 'GBC1003', '5'),
(492, 21, '2023-06-01', 'GBC1003', '6'),
(493, 21, '2023-06-03', 'GBC1003', '3'),
(494, 21, '2023-06-03', 'GBC1003', '4'),
(495, 21, '2023-06-08', 'GBC1003', '1'),
(496, 21, '2023-06-08', 'GBC1003', '2'),
(497, 21, '2023-06-08', 'GBC1003', '5'),
(498, 21, '2023-06-08', 'GBC1003', '6'),
(499, 21, '2023-06-10', 'GBC1003', '3'),
(500, 21, '2023-06-10', 'GBC1003', '4'),
(501, 21, '2023-06-15', 'GBC1003', '1'),
(502, 21, '2023-06-15', 'GBC1003', '2'),
(503, 21, '2023-06-15', 'GBC1003', '5'),
(504, 21, '2023-06-15', 'GBC1003', '6'),
(505, 21, '2023-06-17', 'GBC1003', '3'),
(506, 21, '2023-06-17', 'GBC1003', '4'),
(507, 21, '2023-06-22', 'GBC1003', '1'),
(508, 21, '2023-06-22', 'GBC1003', '2'),
(509, 21, '2023-06-22', 'GBC1003', '5'),
(510, 21, '2023-06-22', 'GBC1003', '6'),
(511, 15, '2023-05-08', 'GBC1004', '5'),
(512, 15, '2023-05-08', 'GBC1004', '6'),
(513, 15, '2023-05-09', 'GBC1004', '1'),
(514, 15, '2023-05-09', 'GBC1004', '2'),
(515, 15, '2023-05-11', 'GBC1004', '1'),
(516, 15, '2023-05-11', 'GBC1004', '2'),
(517, 15, '2023-05-15', 'GBC1004', '5'),
(518, 15, '2023-05-15', 'GBC1004', '6'),
(519, 15, '2023-05-16', 'GBC1004', '1'),
(520, 15, '2023-05-16', 'GBC1004', '2'),
(521, 15, '2023-05-18', 'GBC1004', '1'),
(522, 15, '2023-05-18', 'GBC1004', '2'),
(523, 15, '2023-05-22', 'GBC1004', '5'),
(524, 15, '2023-05-22', 'GBC1004', '6'),
(525, 15, '2023-05-23', 'GBC1004', '1'),
(526, 15, '2023-05-23', 'GBC1004', '2'),
(527, 15, '2023-05-25', 'GBC1004', '1'),
(528, 15, '2023-05-25', 'GBC1004', '2'),
(529, 15, '2023-05-29', 'GBC1004', '5'),
(530, 15, '2023-05-29', 'GBC1004', '6'),
(531, 15, '2023-05-30', 'GBC1004', '1'),
(532, 15, '2023-05-30', 'GBC1004', '2'),
(533, 15, '2023-06-01', 'GBC1004', '1'),
(534, 15, '2023-06-01', 'GBC1004', '2'),
(535, 15, '2023-06-05', 'GBC1004', '5'),
(536, 15, '2023-06-05', 'GBC1004', '6'),
(537, 15, '2023-06-06', 'GBC1004', '1'),
(538, 15, '2023-06-06', 'GBC1004', '2'),
(539, 15, '2023-06-08', 'GBC1004', '1'),
(540, 15, '2023-06-08', 'GBC1004', '2'),
(541, 15, '2023-06-12', 'GBC1004', '5'),
(542, 15, '2023-06-12', 'GBC1004', '6'),
(543, 15, '2023-06-13', 'GBC1004', '1'),
(544, 15, '2023-06-13', 'GBC1004', '2'),
(545, 15, '2023-06-15', 'GBC1004', '1'),
(546, 15, '2023-06-15', 'GBC1004', '2'),
(547, 15, '2023-06-19', 'GBC1004', '5'),
(548, 15, '2023-06-19', 'GBC1004', '6'),
(549, 15, '2023-06-20', 'GBC1004', '1'),
(550, 15, '2023-06-20', 'GBC1004', '2'),
(551, 17, '2023-05-08', 'GBC1004', '1'),
(552, 17, '2023-05-08', 'GBC1004', '2'),
(553, 17, '2023-05-10', 'GBC1004', '1'),
(554, 17, '2023-05-10', 'GBC1004', '2'),
(555, 17, '2023-05-12', 'GBC1004', '1'),
(556, 17, '2023-05-12', 'GBC1004', '2'),
(557, 17, '2023-05-15', 'GBC1004', '1'),
(558, 17, '2023-05-15', 'GBC1004', '2'),
(559, 17, '2023-05-17', 'GBC1004', '1'),
(560, 17, '2023-05-17', 'GBC1004', '2'),
(561, 17, '2023-05-19', 'GBC1004', '1'),
(562, 17, '2023-05-19', 'GBC1004', '2'),
(563, 17, '2023-05-22', 'GBC1004', '1'),
(564, 17, '2023-05-22', 'GBC1004', '2'),
(565, 17, '2023-05-24', 'GBC1004', '1'),
(566, 17, '2023-05-24', 'GBC1004', '2'),
(567, 17, '2023-05-26', 'GBC1004', '1'),
(568, 17, '2023-05-26', 'GBC1004', '2'),
(569, 17, '2023-05-29', 'GBC1004', '1'),
(570, 17, '2023-05-29', 'GBC1004', '2'),
(571, 17, '2023-05-31', 'GBC1004', '1'),
(572, 17, '2023-05-31', 'GBC1004', '2'),
(573, 17, '2023-06-02', 'GBC1004', '1'),
(574, 17, '2023-06-02', 'GBC1004', '2'),
(575, 17, '2023-06-05', 'GBC1004', '1'),
(576, 17, '2023-06-05', 'GBC1004', '2'),
(577, 17, '2023-06-07', 'GBC1004', '1'),
(578, 17, '2023-06-07', 'GBC1004', '2'),
(579, 17, '2023-06-09', 'GBC1004', '1'),
(580, 17, '2023-06-09', 'GBC1004', '2'),
(581, 17, '2023-06-12', 'GBC1004', '1'),
(582, 17, '2023-06-12', 'GBC1004', '2'),
(583, 17, '2023-06-14', 'GBC1004', '1'),
(584, 17, '2023-06-14', 'GBC1004', '2'),
(585, 17, '2023-06-16', 'GBC1004', '1'),
(586, 17, '2023-06-16', 'GBC1004', '2'),
(587, 17, '2023-06-19', 'GBC1004', '1'),
(588, 17, '2023-06-19', 'GBC1004', '2'),
(589, 17, '2023-06-21', 'GBC1004', '1'),
(590, 17, '2023-06-21', 'GBC1004', '2'),
(591, 15, '2023-05-09', 'GBC1005', '5'),
(592, 15, '2023-05-09', 'GBC1005', '6'),
(593, 15, '2023-05-10', 'GBC1005', '5'),
(594, 15, '2023-05-10', 'GBC1005', '6'),
(595, 15, '2023-05-11', 'GBC1005', '5'),
(596, 15, '2023-05-11', 'GBC1005', '6'),
(597, 15, '2023-05-16', 'GBC1005', '5'),
(598, 15, '2023-05-16', 'GBC1005', '6'),
(599, 15, '2023-05-17', 'GBC1005', '5'),
(600, 15, '2023-05-17', 'GBC1005', '6'),
(601, 15, '2023-05-18', 'GBC1005', '5'),
(602, 15, '2023-05-18', 'GBC1005', '6'),
(603, 15, '2023-05-23', 'GBC1005', '5'),
(604, 15, '2023-05-23', 'GBC1005', '6'),
(605, 15, '2023-05-24', 'GBC1005', '5'),
(606, 15, '2023-05-24', 'GBC1005', '6'),
(607, 15, '2023-05-25', 'GBC1005', '5'),
(608, 15, '2023-05-25', 'GBC1005', '6'),
(609, 15, '2023-05-30', 'GBC1005', '5'),
(610, 15, '2023-05-30', 'GBC1005', '6'),
(611, 15, '2023-05-31', 'GBC1005', '5'),
(612, 15, '2023-05-31', 'GBC1005', '6'),
(613, 15, '2023-06-01', 'GBC1005', '5'),
(614, 15, '2023-06-01', 'GBC1005', '6'),
(615, 15, '2023-06-06', 'GBC1005', '5'),
(616, 15, '2023-06-06', 'GBC1005', '6'),
(617, 15, '2023-06-07', 'GBC1005', '5'),
(618, 15, '2023-06-07', 'GBC1005', '6'),
(619, 15, '2023-06-08', 'GBC1005', '5'),
(620, 15, '2023-06-08', 'GBC1005', '6'),
(621, 15, '2023-06-13', 'GBC1005', '5'),
(622, 15, '2023-06-13', 'GBC1005', '6'),
(623, 15, '2023-06-14', 'GBC1005', '5'),
(624, 15, '2023-06-14', 'GBC1005', '6'),
(625, 15, '2023-06-15', 'GBC1005', '5'),
(626, 15, '2023-06-15', 'GBC1005', '6'),
(627, 15, '2023-06-20', 'GBC1005', '5'),
(628, 15, '2023-06-20', 'GBC1005', '6'),
(629, 15, '2023-06-21', 'GBC1005', '5'),
(630, 15, '2023-06-21', 'GBC1005', '6'),
(631, 17, '2023-05-08', 'GBC1005', '3'),
(632, 17, '2023-05-08', 'GBC1005', '4'),
(633, 17, '2023-05-09', 'GBC1005', '1'),
(634, 17, '2023-05-09', 'GBC1005', '2'),
(635, 17, '2023-05-11', 'GBC1005', '1'),
(636, 17, '2023-05-11', 'GBC1005', '2'),
(637, 17, '2023-05-15', 'GBC1005', '3'),
(638, 17, '2023-05-15', 'GBC1005', '4'),
(639, 17, '2023-05-16', 'GBC1005', '1'),
(640, 17, '2023-05-16', 'GBC1005', '2'),
(641, 17, '2023-05-18', 'GBC1005', '1'),
(642, 17, '2023-05-18', 'GBC1005', '2'),
(643, 17, '2023-05-22', 'GBC1005', '3'),
(644, 17, '2023-05-22', 'GBC1005', '4'),
(645, 17, '2023-05-23', 'GBC1005', '1'),
(646, 17, '2023-05-23', 'GBC1005', '2'),
(647, 17, '2023-05-25', 'GBC1005', '1'),
(648, 17, '2023-05-25', 'GBC1005', '2'),
(649, 17, '2023-05-29', 'GBC1005', '3'),
(650, 17, '2023-05-29', 'GBC1005', '4'),
(651, 17, '2023-05-30', 'GBC1005', '1'),
(652, 17, '2023-05-30', 'GBC1005', '2'),
(653, 17, '2023-06-01', 'GBC1005', '1'),
(654, 17, '2023-06-01', 'GBC1005', '2'),
(655, 17, '2023-06-05', 'GBC1005', '3'),
(656, 17, '2023-06-05', 'GBC1005', '4'),
(657, 17, '2023-06-06', 'GBC1005', '1'),
(658, 17, '2023-06-06', 'GBC1005', '2'),
(659, 17, '2023-06-08', 'GBC1005', '1'),
(660, 17, '2023-06-08', 'GBC1005', '2'),
(661, 17, '2023-06-12', 'GBC1005', '3'),
(662, 17, '2023-06-12', 'GBC1005', '4'),
(663, 17, '2023-06-13', 'GBC1005', '1'),
(664, 17, '2023-06-13', 'GBC1005', '2'),
(665, 17, '2023-06-15', 'GBC1005', '1'),
(666, 17, '2023-06-15', 'GBC1005', '2'),
(667, 17, '2023-06-19', 'GBC1005', '3'),
(668, 17, '2023-06-19', 'GBC1005', '4'),
(669, 17, '2023-06-20', 'GBC1005', '1'),
(670, 17, '2023-06-20', 'GBC1005', '2'),
(671, 1, '2023-05-08', 'GCC1001', '5'),
(672, 1, '2023-05-08', 'GCC1001', '6'),
(673, 8, '2023-05-10', 'GCC1001', '5'),
(674, 8, '2023-05-10', 'GCC1001', '6'),
(675, 8, '2023-05-12', 'GCC1001', '5'),
(676, 8, '2023-05-12', 'GCC1001', '6'),
(677, 8, '2023-05-17', 'GCC1001', '5'),
(678, 8, '2023-05-17', 'GCC1001', '6'),
(679, 8, '2023-05-19', 'GCC1001', '5'),
(680, 8, '2023-05-19', 'GCC1001', '6'),
(681, 8, '2023-05-22', 'GCC1001', '5'),
(682, 8, '2023-05-22', 'GCC1001', '6'),
(683, 8, '2023-05-24', 'GCC1001', '5'),
(684, 8, '2023-05-24', 'GCC1001', '6'),
(685, 8, '2023-05-26', 'GCC1001', '5'),
(686, 8, '2023-05-26', 'GCC1001', '6'),
(687, 8, '2023-05-29', 'GCC1001', '5'),
(688, 8, '2023-05-29', 'GCC1001', '6'),
(689, 8, '2023-05-31', 'GCC1001', '5'),
(690, 8, '2023-05-31', 'GCC1001', '6'),
(691, 8, '2023-06-02', 'GCC1001', '5'),
(692, 8, '2023-06-02', 'GCC1001', '6'),
(693, 8, '2023-06-05', 'GCC1001', '5'),
(694, 8, '2023-06-05', 'GCC1001', '6'),
(695, 8, '2023-06-07', 'GCC1001', '5'),
(696, 8, '2023-06-07', 'GCC1001', '6'),
(697, 8, '2023-06-09', 'GCC1001', '5'),
(698, 8, '2023-06-09', 'GCC1001', '6'),
(699, 8, '2023-06-12', 'GCC1001', '5'),
(700, 8, '2023-06-12', 'GCC1001', '6'),
(701, 8, '2023-06-14', 'GCC1001', '5'),
(702, 8, '2023-06-14', 'GCC1001', '6'),
(703, 8, '2023-06-16', 'GCC1001', '5'),
(704, 8, '2023-06-16', 'GCC1001', '6'),
(705, 8, '2023-06-19', 'GCC1001', '5'),
(706, 8, '2023-06-19', 'GCC1001', '6'),
(707, 8, '2023-06-21', 'GCC1001', '5'),
(708, 8, '2023-06-21', 'GCC1001', '6'),
(709, 8, '2023-06-23', 'GCC1001', '5'),
(710, 8, '2023-06-23', 'GCC1001', '6'),
(711, 6, '2023-05-08', 'GCC1001', '1'),
(712, 6, '2023-05-08', 'GCC1001', '2'),
(713, 6, '2023-05-10', 'GCC1001', '1'),
(714, 6, '2023-05-10', 'GCC1001', '2'),
(715, 6, '2023-05-12', 'GCC1001', '1'),
(716, 6, '2023-05-12', 'GCC1001', '2'),
(717, 6, '2023-05-17', 'GCC1001', '1'),
(718, 6, '2023-05-17', 'GCC1001', '2'),
(719, 6, '2023-05-19', 'GCC1001', '1'),
(720, 6, '2023-05-19', 'GCC1001', '2'),
(721, 6, '2023-05-22', 'GCC1001', '1'),
(722, 6, '2023-05-22', 'GCC1001', '2'),
(723, 6, '2023-05-24', 'GCC1001', '1'),
(724, 6, '2023-05-24', 'GCC1001', '2'),
(725, 6, '2023-05-26', 'GCC1001', '1'),
(726, 6, '2023-05-26', 'GCC1001', '2'),
(727, 6, '2023-05-29', 'GCC1001', '1'),
(728, 6, '2023-05-29', 'GCC1001', '2'),
(729, 6, '2023-05-31', 'GCC1001', '1'),
(730, 6, '2023-05-31', 'GCC1001', '2'),
(731, 6, '2023-06-02', 'GCC1001', '1'),
(732, 6, '2023-06-02', 'GCC1001', '2'),
(733, 6, '2023-06-05', 'GCC1001', '1'),
(734, 6, '2023-06-05', 'GCC1001', '2'),
(735, 6, '2023-06-07', 'GCC1001', '1'),
(736, 6, '2023-06-07', 'GCC1001', '2'),
(737, 6, '2023-06-09', 'GCC1001', '1'),
(738, 6, '2023-06-09', 'GCC1001', '2'),
(739, 6, '2023-06-12', 'GCC1001', '1'),
(740, 6, '2023-06-12', 'GCC1001', '2'),
(741, 6, '2023-06-14', 'GCC1001', '1'),
(742, 6, '2023-06-14', 'GCC1001', '2'),
(743, 6, '2023-06-16', 'GCC1001', '1'),
(744, 6, '2023-06-16', 'GCC1001', '2'),
(745, 6, '2023-06-19', 'GCC1001', '1'),
(746, 6, '2023-06-19', 'GCC1001', '2'),
(747, 6, '2023-06-21', 'GCC1001', '1'),
(748, 6, '2023-06-21', 'GCC1001', '2'),
(749, 6, '2023-06-23', 'GCC1001', '1'),
(750, 6, '2023-06-23', 'GCC1001', '2'),
(751, 8, '2023-05-10', 'GCC1002', '1'),
(752, 8, '2023-05-10', 'GCC1002', '2'),
(753, 8, '2023-05-11', 'GCC1002', '5'),
(754, 8, '2023-05-11', 'GCC1002', '6'),
(755, 8, '2023-05-13', 'GCC1002', '5'),
(756, 8, '2023-05-13', 'GCC1002', '6'),
(757, 8, '2023-05-18', 'GCC1002', '5'),
(758, 8, '2023-05-18', 'GCC1002', '6'),
(759, 8, '2023-05-20', 'GCC1002', '5'),
(760, 8, '2023-05-20', 'GCC1002', '6'),
(761, 8, '2023-05-23', 'GCC1002', '5'),
(762, 8, '2023-05-23', 'GCC1002', '6'),
(763, 8, '2023-05-25', 'GCC1002', '5'),
(764, 8, '2023-05-25', 'GCC1002', '6'),
(765, 8, '2023-05-27', 'GCC1002', '5'),
(766, 8, '2023-05-27', 'GCC1002', '6'),
(767, 8, '2023-05-30', 'GCC1002', '5'),
(768, 8, '2023-05-30', 'GCC1002', '6'),
(769, 8, '2023-06-01', 'GCC1002', '5'),
(770, 8, '2023-06-01', 'GCC1002', '6'),
(771, 8, '2023-06-03', 'GCC1002', '5'),
(772, 8, '2023-06-03', 'GCC1002', '6'),
(773, 8, '2023-06-06', 'GCC1002', '5'),
(774, 8, '2023-06-06', 'GCC1002', '6'),
(775, 8, '2023-06-08', 'GCC1002', '5'),
(776, 8, '2023-06-08', 'GCC1002', '6'),
(777, 8, '2023-06-10', 'GCC1002', '5'),
(778, 8, '2023-06-10', 'GCC1002', '6'),
(779, 8, '2023-06-13', 'GCC1002', '5'),
(780, 8, '2023-06-13', 'GCC1002', '6'),
(781, 8, '2023-06-15', 'GCC1002', '5'),
(782, 8, '2023-06-15', 'GCC1002', '6'),
(783, 8, '2023-06-17', 'GCC1002', '5'),
(784, 8, '2023-06-17', 'GCC1002', '6'),
(785, 8, '2023-06-20', 'GCC1002', '5'),
(786, 8, '2023-06-20', 'GCC1002', '6'),
(787, 8, '2023-06-22', 'GCC1002', '5'),
(788, 8, '2023-06-22', 'GCC1002', '6'),
(789, 8, '2023-06-24', 'GCC1002', '5'),
(790, 8, '2023-06-24', 'GCC1002', '6'),
(791, 1, '2023-05-09', 'GCC1002', '1'),
(792, 1, '2023-05-09', 'GCC1002', '2'),
(793, 1, '2023-05-10', 'GCC1002', '5'),
(794, 1, '2023-05-10', 'GCC1002', '6'),
(795, 1, '2023-05-12', 'GCC1002', '5'),
(796, 1, '2023-05-12', 'GCC1002', '6'),
(797, 1, '2023-05-16', 'GCC1002', '1'),
(798, 1, '2023-05-16', 'GCC1002', '2'),
(799, 1, '2023-05-17', 'GCC1002', '5'),
(800, 1, '2023-05-17', 'GCC1002', '6'),
(801, 1, '2023-05-19', 'GCC1002', '5'),
(802, 1, '2023-05-19', 'GCC1002', '6'),
(803, 1, '2023-05-23', 'GCC1002', '1'),
(804, 1, '2023-05-23', 'GCC1002', '2'),
(805, 1, '2023-05-24', 'GCC1002', '5'),
(806, 1, '2023-05-24', 'GCC1002', '6'),
(807, 1, '2023-05-26', 'GCC1002', '5'),
(808, 1, '2023-05-26', 'GCC1002', '6'),
(809, 1, '2023-05-30', 'GCC1002', '1'),
(810, 1, '2023-05-30', 'GCC1002', '2'),
(811, 1, '2023-05-31', 'GCC1002', '5'),
(812, 1, '2023-05-31', 'GCC1002', '6'),
(813, 1, '2023-06-02', 'GCC1002', '5'),
(814, 1, '2023-06-02', 'GCC1002', '6'),
(815, 1, '2023-06-06', 'GCC1002', '1'),
(816, 1, '2023-06-06', 'GCC1002', '2'),
(817, 1, '2023-06-07', 'GCC1002', '5'),
(818, 1, '2023-06-07', 'GCC1002', '6'),
(819, 1, '2023-06-09', 'GCC1002', '5'),
(820, 1, '2023-06-09', 'GCC1002', '6'),
(821, 1, '2023-06-13', 'GCC1002', '1'),
(822, 1, '2023-06-13', 'GCC1002', '2'),
(823, 1, '2023-06-14', 'GCC1002', '5'),
(824, 1, '2023-06-14', 'GCC1002', '6'),
(825, 1, '2023-06-16', 'GCC1002', '5'),
(826, 1, '2023-06-16', 'GCC1002', '6'),
(827, 1, '2023-06-20', 'GCC1002', '1'),
(828, 1, '2023-06-20', 'GCC1002', '2'),
(829, 1, '2023-06-21', 'GCC1002', '5'),
(830, 1, '2023-06-21', 'GCC1002', '6'),
(831, 1, '2023-05-17', 'GCC1003', '1'),
(832, 1, '2023-05-17', 'GCC1003', '2'),
(833, 1, '2023-05-18', 'GCC1003', '3'),
(834, 1, '2023-05-18', 'GCC1003', '4'),
(835, 1, '2023-05-19', 'GCC1003', '1'),
(836, 1, '2023-05-19', 'GCC1003', '2'),
(837, 1, '2023-05-22', 'GCC1003', '5'),
(838, 1, '2023-05-22', 'GCC1003', '6'),
(839, 1, '2023-05-24', 'GCC1003', '1'),
(840, 1, '2023-05-24', 'GCC1003', '2'),
(841, 1, '2023-05-25', 'GCC1003', '3'),
(842, 1, '2023-05-25', 'GCC1003', '4'),
(843, 1, '2023-05-26', 'GCC1003', '1'),
(844, 1, '2023-05-26', 'GCC1003', '2'),
(845, 1, '2023-05-29', 'GCC1003', '5'),
(846, 1, '2023-05-29', 'GCC1003', '6'),
(847, 1, '2023-05-31', 'GCC1003', '1'),
(848, 1, '2023-05-31', 'GCC1003', '2'),
(849, 1, '2023-06-01', 'GCC1003', '3'),
(850, 1, '2023-06-01', 'GCC1003', '4'),
(851, 1, '2023-06-02', 'GCC1003', '1'),
(852, 1, '2023-06-02', 'GCC1003', '2'),
(853, 1, '2023-06-05', 'GCC1003', '5'),
(854, 1, '2023-06-05', 'GCC1003', '6'),
(855, 1, '2023-06-07', 'GCC1003', '1'),
(856, 1, '2023-06-07', 'GCC1003', '2'),
(857, 1, '2023-06-09', 'GCC1003', '1'),
(858, 1, '2023-06-09', 'GCC1003', '2'),
(859, 1, '2023-06-12', 'GCC1003', '5'),
(860, 1, '2023-06-12', 'GCC1003', '6'),
(861, 1, '2023-06-14', 'GCC1003', '1'),
(862, 1, '2023-06-14', 'GCC1003', '2'),
(863, 1, '2023-06-16', 'GCC1003', '1'),
(864, 1, '2023-06-16', 'GCC1003', '2'),
(865, 1, '2023-06-19', 'GCC1003', '5'),
(866, 1, '2023-06-19', 'GCC1003', '6'),
(867, 1, '2023-06-21', 'GCC1003', '1'),
(868, 1, '2023-06-21', 'GCC1003', '2'),
(869, 1, '2023-06-23', 'GCC1003', '1'),
(870, 1, '2023-06-23', 'GCC1003', '2'),
(871, 9, '2023-05-09', 'GDC1001', '5'),
(872, 9, '2023-05-09', 'GDC1001', '6'),
(873, 9, '2023-05-11', 'GDC1001', '5'),
(874, 9, '2023-05-11', 'GDC1001', '6'),
(875, 9, '2023-05-12', 'GDC1001', '1'),
(876, 9, '2023-05-12', 'GDC1001', '2'),
(877, 9, '2023-05-16', 'GDC1001', '5'),
(878, 9, '2023-05-16', 'GDC1001', '6'),
(879, 9, '2023-05-18', 'GDC1001', '5'),
(880, 9, '2023-05-18', 'GDC1001', '6'),
(881, 9, '2023-05-19', 'GDC1001', '1'),
(882, 9, '2023-05-19', 'GDC1001', '2'),
(883, 9, '2023-05-23', 'GDC1001', '5'),
(884, 9, '2023-05-23', 'GDC1001', '6'),
(885, 9, '2023-05-25', 'GDC1001', '5'),
(886, 9, '2023-05-25', 'GDC1001', '6'),
(887, 9, '2023-05-26', 'GDC1001', '1'),
(888, 9, '2023-05-26', 'GDC1001', '2'),
(889, 9, '2023-05-30', 'GDC1001', '5'),
(890, 9, '2023-05-30', 'GDC1001', '6'),
(891, 9, '2023-06-01', 'GDC1001', '5'),
(892, 9, '2023-06-01', 'GDC1001', '6'),
(893, 9, '2023-06-02', 'GDC1001', '1'),
(894, 9, '2023-06-02', 'GDC1001', '2'),
(895, 9, '2023-06-06', 'GDC1001', '5'),
(896, 9, '2023-06-06', 'GDC1001', '6'),
(897, 9, '2023-06-08', 'GDC1001', '5'),
(898, 9, '2023-06-08', 'GDC1001', '6'),
(899, 9, '2023-06-09', 'GDC1001', '1'),
(900, 9, '2023-06-09', 'GDC1001', '2'),
(901, 9, '2023-06-13', 'GDC1001', '5'),
(902, 9, '2023-06-13', 'GDC1001', '6'),
(903, 9, '2023-06-15', 'GDC1001', '5'),
(904, 9, '2023-06-15', 'GDC1001', '6'),
(905, 9, '2023-06-16', 'GDC1001', '1'),
(906, 9, '2023-06-16', 'GDC1001', '2'),
(907, 9, '2023-06-20', 'GDC1001', '5'),
(908, 9, '2023-06-20', 'GDC1001', '6'),
(909, 9, '2023-06-22', 'GDC1001', '5'),
(910, 9, '2023-06-22', 'GDC1001', '6'),
(911, 9, '2023-07-11', 'GDC1001', '5'),
(912, 9, '2023-07-11', 'GDC1001', '6'),
(913, 9, '2023-07-13', 'GDC1001', '5'),
(914, 9, '2023-07-13', 'GDC1001', '6'),
(915, 9, '2023-07-14', 'GDC1001', '1'),
(916, 9, '2023-07-14', 'GDC1001', '2'),
(917, 9, '2023-07-18', 'GDC1001', '5'),
(918, 9, '2023-07-18', 'GDC1001', '6'),
(919, 9, '2023-07-20', 'GDC1001', '5'),
(920, 9, '2023-07-20', 'GDC1001', '6'),
(921, 9, '2023-07-21', 'GDC1001', '1'),
(922, 9, '2023-07-21', 'GDC1001', '2'),
(923, 9, '2023-07-25', 'GDC1001', '5'),
(924, 9, '2023-07-25', 'GDC1001', '6'),
(925, 9, '2023-07-27', 'GDC1001', '5'),
(926, 9, '2023-07-27', 'GDC1001', '6'),
(927, 9, '2023-07-28', 'GDC1001', '1'),
(928, 9, '2023-07-28', 'GDC1001', '2'),
(929, 9, '2023-08-01', 'GDC1001', '5'),
(930, 9, '2023-08-01', 'GDC1001', '6'),
(931, 9, '2023-08-03', 'GDC1001', '5'),
(932, 9, '2023-08-03', 'GDC1001', '6'),
(933, 9, '2023-08-04', 'GDC1001', '1'),
(934, 9, '2023-08-04', 'GDC1001', '2'),
(935, 9, '2023-08-08', 'GDC1001', '5'),
(936, 9, '2023-08-08', 'GDC1001', '6'),
(937, 9, '2023-08-10', 'GDC1001', '5'),
(938, 9, '2023-08-10', 'GDC1001', '6'),
(939, 9, '2023-08-11', 'GDC1001', '1'),
(940, 9, '2023-08-11', 'GDC1001', '2'),
(941, 9, '2023-08-15', 'GDC1001', '5'),
(942, 9, '2023-08-15', 'GDC1001', '6'),
(943, 9, '2023-08-17', 'GDC1001', '5'),
(944, 9, '2023-08-17', 'GDC1001', '6'),
(945, 9, '2023-08-18', 'GDC1001', '1'),
(946, 9, '2023-08-18', 'GDC1001', '2'),
(947, 9, '2023-08-22', 'GDC1001', '5'),
(948, 9, '2023-08-22', 'GDC1001', '6'),
(949, 9, '2023-08-24', 'GDC1001', '5'),
(950, 9, '2023-08-24', 'GDC1001', '6'),
(951, 3, '2023-05-08', 'GDC1001', '4'),
(952, 3, '2023-05-08', 'GDC1001', '5'),
(953, 3, '2023-05-10', 'GDC1001', '4'),
(954, 3, '2023-05-10', 'GDC1001', '5'),
(955, 3, '2023-05-12', 'GDC1001', '4'),
(956, 3, '2023-05-12', 'GDC1001', '5'),
(957, 3, '2023-05-15', 'GDC1001', '4'),
(958, 3, '2023-05-15', 'GDC1001', '5'),
(959, 3, '2023-05-17', 'GDC1001', '4'),
(960, 3, '2023-05-17', 'GDC1001', '5'),
(961, 3, '2023-05-19', 'GDC1001', '4'),
(962, 3, '2023-05-19', 'GDC1001', '5'),
(963, 3, '2023-05-22', 'GDC1001', '4'),
(964, 3, '2023-05-22', 'GDC1001', '5'),
(965, 3, '2023-05-24', 'GDC1001', '4'),
(966, 3, '2023-05-24', 'GDC1001', '5'),
(967, 3, '2023-05-26', 'GDC1001', '4'),
(968, 3, '2023-05-26', 'GDC1001', '5'),
(969, 3, '2023-05-29', 'GDC1001', '4'),
(970, 3, '2023-05-29', 'GDC1001', '5'),
(971, 3, '2023-05-31', 'GDC1001', '4'),
(972, 3, '2023-05-31', 'GDC1001', '5'),
(973, 3, '2023-06-02', 'GDC1001', '4'),
(974, 3, '2023-06-02', 'GDC1001', '5'),
(975, 3, '2023-06-05', 'GDC1001', '4'),
(976, 3, '2023-06-05', 'GDC1001', '5'),
(977, 3, '2023-06-07', 'GDC1001', '4'),
(978, 3, '2023-06-07', 'GDC1001', '5'),
(979, 3, '2023-06-09', 'GDC1001', '4'),
(980, 3, '2023-06-09', 'GDC1001', '5'),
(981, 3, '2023-06-12', 'GDC1001', '4'),
(982, 3, '2023-06-12', 'GDC1001', '5'),
(983, 3, '2023-06-14', 'GDC1001', '4'),
(984, 3, '2023-06-14', 'GDC1001', '5'),
(985, 3, '2023-06-16', 'GDC1001', '4'),
(986, 3, '2023-06-16', 'GDC1001', '5'),
(987, 3, '2023-06-19', 'GDC1001', '4'),
(988, 3, '2023-06-19', 'GDC1001', '5'),
(989, 3, '2023-06-21', 'GDC1001', '4'),
(990, 3, '2023-06-21', 'GDC1001', '5'),
(991, 9, '2023-05-13', 'GDC1002', '2'),
(992, 9, '2023-05-13', 'GDC1002', '3'),
(993, 9, '2023-05-13', 'GDC1002', '4'),
(994, 9, '2023-05-17', 'GDC1002', '7'),
(995, 9, '2023-05-17', 'GDC1002', '8'),
(996, 9, '2023-05-18', 'GDC1002', '7'),
(997, 9, '2023-05-18', 'GDC1002', '8'),
(998, 9, '2023-05-20', 'GDC1002', '2'),
(999, 9, '2023-05-20', 'GDC1002', '3'),
(1000, 9, '2023-05-20', 'GDC1002', '4'),
(1001, 9, '2023-05-24', 'GDC1002', '7'),
(1002, 9, '2023-05-24', 'GDC1002', '8'),
(1003, 9, '2023-05-25', 'GDC1002', '7'),
(1004, 9, '2023-05-25', 'GDC1002', '8'),
(1005, 9, '2023-05-27', 'GDC1002', '2'),
(1006, 9, '2023-05-27', 'GDC1002', '3'),
(1007, 9, '2023-05-27', 'GDC1002', '4'),
(1008, 9, '2023-06-01', 'GDC1002', '7'),
(1009, 9, '2023-06-01', 'GDC1002', '8'),
(1010, 9, '2023-06-03', 'GDC1002', '2'),
(1011, 9, '2023-06-03', 'GDC1002', '3'),
(1012, 9, '2023-06-03', 'GDC1002', '4'),
(1013, 9, '2023-06-08', 'GDC1002', '7'),
(1014, 9, '2023-06-08', 'GDC1002', '8'),
(1015, 9, '2023-06-10', 'GDC1002', '2'),
(1016, 9, '2023-06-10', 'GDC1002', '3'),
(1017, 9, '2023-06-10', 'GDC1002', '4'),
(1018, 9, '2023-06-14', 'GDC1002', '7'),
(1019, 9, '2023-06-14', 'GDC1002', '8'),
(1020, 9, '2023-06-15', 'GDC1002', '7'),
(1021, 9, '2023-06-15', 'GDC1002', '8'),
(1022, 9, '2023-06-17', 'GDC1002', '2'),
(1023, 9, '2023-06-17', 'GDC1002', '3'),
(1024, 9, '2023-06-17', 'GDC1002', '4'),
(1025, 9, '2023-06-21', 'GDC1002', '7'),
(1026, 9, '2023-06-21', 'GDC1002', '8'),
(1027, 9, '2023-06-22', 'GDC1002', '7'),
(1028, 9, '2023-06-22', 'GDC1002', '8'),
(1029, 9, '2023-06-24', 'GDC1002', '2'),
(1030, 9, '2023-06-24', 'GDC1002', '3'),
(1031, 9, '2023-05-09', 'GDC1002', '3'),
(1032, 9, '2023-05-09', 'GDC1002', '4'),
(1033, 9, '2023-05-10', 'GDC1002', '3'),
(1034, 9, '2023-05-10', 'GDC1002', '4'),
(1035, 9, '2023-05-11', 'GDC1002', '3'),
(1036, 9, '2023-05-11', 'GDC1002', '4'),
(1037, 9, '2023-05-16', 'GDC1002', '3'),
(1038, 9, '2023-05-16', 'GDC1002', '4'),
(1039, 9, '2023-05-17', 'GDC1002', '3'),
(1040, 9, '2023-05-17', 'GDC1002', '4'),
(1041, 9, '2023-05-18', 'GDC1002', '3'),
(1042, 9, '2023-05-18', 'GDC1002', '4'),
(1043, 9, '2023-05-23', 'GDC1002', '3'),
(1044, 9, '2023-05-23', 'GDC1002', '4'),
(1045, 9, '2023-05-24', 'GDC1002', '3'),
(1046, 9, '2023-05-24', 'GDC1002', '4'),
(1047, 9, '2023-05-25', 'GDC1002', '3'),
(1048, 9, '2023-05-25', 'GDC1002', '4'),
(1049, 9, '2023-05-30', 'GDC1002', '3'),
(1050, 9, '2023-05-30', 'GDC1002', '4'),
(1051, 9, '2023-05-31', 'GDC1002', '3'),
(1052, 9, '2023-05-31', 'GDC1002', '4'),
(1053, 9, '2023-06-01', 'GDC1002', '3'),
(1054, 9, '2023-06-01', 'GDC1002', '4'),
(1055, 9, '2023-06-06', 'GDC1002', '3'),
(1056, 9, '2023-06-06', 'GDC1002', '4'),
(1057, 9, '2023-06-07', 'GDC1002', '3'),
(1058, 9, '2023-06-07', 'GDC1002', '4'),
(1059, 9, '2023-06-08', 'GDC1002', '3'),
(1060, 9, '2023-06-08', 'GDC1002', '4'),
(1061, 9, '2023-06-13', 'GDC1002', '3'),
(1062, 9, '2023-06-13', 'GDC1002', '4'),
(1063, 9, '2023-06-14', 'GDC1002', '3'),
(1064, 9, '2023-06-14', 'GDC1002', '4'),
(1065, 9, '2023-06-15', 'GDC1002', '3'),
(1066, 9, '2023-06-15', 'GDC1002', '4'),
(1067, 9, '2023-06-20', 'GDC1002', '3'),
(1068, 9, '2023-06-20', 'GDC1002', '4'),
(1069, 9, '2023-06-21', 'GDC1002', '3'),
(1070, 9, '2023-06-21', 'GDC1002', '4'),
(1071, 8, '2023-05-09', 'GBC1001', '3'),
(1072, 8, '2023-05-09', 'GBC1001', '4'),
(1073, 8, '2023-05-16', 'GBC1001', '3'),
(1074, 8, '2023-05-16', 'GBC1001', '4'),
(1075, 8, '2023-05-23', 'GBC1001', '3'),
(1076, 8, '2023-05-23', 'GBC1001', '4'),
(1077, 8, '2023-05-30', 'GBC1001', '3'),
(1078, 8, '2023-05-30', 'GBC1001', '4'),
(1079, 8, '2023-06-06', 'GBC1001', '3'),
(1080, 8, '2023-06-06', 'GBC1001', '4'),
(1081, 8, '2023-06-13', 'GBC1001', '3'),
(1082, 8, '2023-06-13', 'GBC1001', '4'),
(1083, 8, '2023-06-20', 'GBC1001', '3'),
(1084, 8, '2023-06-20', 'GBC1001', '4'),
(1085, 27, '2023-06-20', 'GBC1001', '5'),
(1086, 11, '2023-05-12', 'GBC1002', '5'),
(1087, 11, '2023-05-12', 'GBC1002', '6'),
(1088, 11, '2023-05-19', 'GBC1002', '5'),
(1089, 11, '2023-05-19', 'GBC1002', '6'),
(1090, 11, '2023-05-26', 'GBC1002', '5'),
(1091, 11, '2023-05-26', 'GBC1002', '6'),
(1092, 11, '2023-06-02', 'GBC1002', '5'),
(1093, 11, '2023-06-02', 'GBC1002', '6'),
(1094, 11, '2023-06-09', 'GBC1002', '5'),
(1095, 11, '2023-06-09', 'GBC1002', '6'),
(1096, 11, '2023-06-16', 'GBC1002', '5'),
(1097, 11, '2023-06-16', 'GBC1002', '6'),
(1098, 11, '2023-06-23', 'GBC1002', '4'),
(1099, 11, '2023-06-23', 'GBC1002', '5'),
(1100, 11, '2023-06-23', 'GBC1002', '6'),
(1101, 23, '2023-05-12', 'GBC1004', '7'),
(1102, 23, '2023-05-16', 'GBC1004', '7'),
(1103, 23, '2023-05-19', 'GBC1004', '7'),
(1104, 23, '2023-05-23', 'GBC1004', '7'),
(1105, 23, '2023-05-26', 'GBC1004', '7'),
(1106, 23, '2023-05-30', 'GBC1004', '7'),
(1107, 23, '2023-05-31', 'GBC1004', '7'),
(1108, 23, '2023-06-02', 'GBC1004', '7'),
(1109, 23, '2023-06-06', 'GBC1004', '7'),
(1110, 23, '2023-06-07', 'GBC1004', '7'),
(1111, 23, '2023-06-09', 'GBC1004', '7'),
(1112, 23, '2023-06-13', 'GBC1004', '7'),
(1113, 23, '2023-06-16', 'GBC1004', '7'),
(1114, 23, '2023-06-20', 'GBC1004', '7'),
(1115, 23, '2023-06-23', 'GBC1004', '7'),
(1116, 24, '2023-05-12', 'GBC1005', '7'),
(1117, 24, '2023-05-16', 'GBC1005', '7'),
(1118, 24, '2023-05-19', 'GBC1005', '7'),
(1119, 24, '2023-05-23', 'GBC1005', '7'),
(1120, 24, '2023-05-26', 'GBC1005', '7'),
(1121, 24, '2023-05-30', 'GBC1005', '7'),
(1122, 24, '2023-05-31', 'GBC1005', '7'),
(1123, 24, '2023-06-02', 'GBC1005', '7'),
(1124, 24, '2023-06-06', 'GBC1005', '7'),
(1125, 24, '2023-06-07', 'GBC1005', '7'),
(1126, 24, '2023-06-09', 'GBC1005', '7'),
(1127, 24, '2023-06-13', 'GBC1005', '7'),
(1128, 24, '2023-06-16', 'GBC1005', '7'),
(1129, 24, '2023-06-20', 'GBC1005', '7'),
(1130, 24, '2023-06-23', 'GBC1005', '7'),
(1131, 26, '2023-05-12', 'GBC1006', '7'),
(1132, 26, '2023-05-16', 'GBC1006', '7'),
(1133, 26, '2023-05-19', 'GBC1006', '7'),
(1134, 26, '2023-05-23', 'GBC1006', '7'),
(1135, 26, '2023-05-26', 'GBC1006', '7'),
(1136, 26, '2023-05-30', 'GBC1006', '7'),
(1137, 26, '2023-05-31', 'GBC1006', '7'),
(1138, 26, '2023-06-02', 'GBC1006', '7'),
(1139, 26, '2023-06-06', 'GBC1006', '7'),
(1140, 26, '2023-06-07', 'GBC1006', '7'),
(1141, 26, '2023-06-09', 'GBC1006', '7'),
(1142, 26, '2023-06-13', 'GBC1006', '7'),
(1143, 26, '2023-06-16', 'GBC1006', '7'),
(1144, 26, '2023-06-20', 'GBC1006', '7'),
(1145, 26, '2023-06-23', 'GBC1006', '7'),
(1146, 6, '2023-05-09', 'GCC1003', '1'),
(1147, 6, '2023-05-09', 'GCC1003', '2'),
(1148, 6, '2023-05-11', 'GCC1003', '1'),
(1149, 6, '2023-05-11', 'GCC1003', '2'),
(1150, 6, '2023-05-13', 'GCC1003', '5'),
(1151, 6, '2023-05-13', 'GCC1003', '6'),
(1152, 6, '2023-05-16', 'GCC1003', '1'),
(1153, 6, '2023-05-16', 'GCC1003', '2'),
(1154, 6, '2023-05-18', 'GCC1003', '1'),
(1155, 6, '2023-05-18', 'GCC1003', '2'),
(1156, 6, '2023-05-20', 'GCC1003', '5'),
(1157, 6, '2023-05-20', 'GCC1003', '6'),
(1158, 6, '2023-05-23', 'GCC1003', '1'),
(1159, 6, '2023-05-23', 'GCC1003', '2'),
(1160, 6, '2023-05-25', 'GCC1003', '1'),
(1161, 6, '2023-05-25', 'GCC1003', '2'),
(1162, 6, '2023-05-27', 'GCC1003', '5'),
(1163, 6, '2023-05-27', 'GCC1003', '6'),
(1164, 6, '2023-05-30', 'GCC1003', '1'),
(1165, 6, '2023-05-30', 'GCC1003', '2'),
(1166, 6, '2023-06-01', 'GCC1003', '1'),
(1167, 6, '2023-06-01', 'GCC1003', '2'),
(1168, 6, '2023-06-03', 'GCC1003', '5'),
(1169, 6, '2023-06-03', 'GCC1003', '6'),
(1170, 6, '2023-06-06', 'GCC1003', '1'),
(1171, 6, '2023-06-06', 'GCC1003', '2'),
(1172, 6, '2023-06-08', 'GCC1003', '1'),
(1173, 6, '2023-06-08', 'GCC1003', '2'),
(1174, 6, '2023-06-10', 'GCC1003', '5'),
(1175, 6, '2023-06-10', 'GCC1003', '6'),
(1176, 6, '2023-06-13', 'GCC1003', '1'),
(1177, 6, '2023-06-13', 'GCC1003', '2'),
(1178, 6, '2023-06-15', 'GCC1003', '1'),
(1179, 6, '2023-06-15', 'GCC1003', '2'),
(1180, 6, '2023-06-17', 'GCC1003', '5'),
(1181, 6, '2023-06-17', 'GCC1003', '6'),
(1182, 6, '2023-06-20', 'GCC1003', '1'),
(1183, 6, '2023-06-20', 'GCC1003', '2'),
(1184, 6, '2023-06-22', 'GCC1003', '1'),
(1185, 6, '2023-06-22', 'GCC1003', '2'),
(1186, 15, '2023-05-27', 'GCCWEBHL', '7'),
(1187, 15, '2023-05-27', 'GCCWEBHL', '8'),
(1188, 15, '2023-05-30', 'GCCWEBHL', '7'),
(1189, 15, '2023-05-30', 'GCCWEBHL', '8'),
(1190, 15, '2023-06-01', 'GCCWEBHL', '7'),
(1191, 15, '2023-06-01', 'GCCWEBHL', '8'),
(1192, 15, '2023-06-03', 'GCCWEBHL', '7'),
(1193, 15, '2023-06-03', 'GCCWEBHL', '8'),
(1194, 15, '2023-06-06', 'GCCWEBHL', '7'),
(1195, 15, '2023-06-06', 'GCCWEBHL', '8'),
(1196, 16, '2023-06-08', 'GCCWEBHL', '1'),
(1197, 16, '2023-06-08', 'GCCWEBHL', '2'),
(1198, 15, '2023-06-08', 'GCCWEBHL', '7'),
(1199, 15, '2023-06-08', 'GCCWEBHL', '8'),
(1200, 15, '2023-06-10', 'GCCWEBHL', '7'),
(1201, 15, '2023-06-10', 'GCCWEBHL', '8'),
(1202, 15, '2023-06-13', 'GCCWEBHL', '7'),
(1203, 15, '2023-06-13', 'GCCWEBHL', '8'),
(1204, 16, '2023-06-15', 'GCCWEBHL', '1'),
(1205, 16, '2023-06-15', 'GCCWEBHL', '2'),
(1206, 15, '2023-06-15', 'GCCWEBHL', '7'),
(1207, 15, '2023-06-15', 'GCCWEBHL', '8'),
(1208, 15, '2023-06-17', 'GCCWEBHL', '7'),
(1209, 15, '2023-06-17', 'GCCWEBHL', '8'),
(1210, 15, '2023-06-20', 'GCCWEBHL', '7'),
(1211, 15, '2023-06-20', 'GCCWEBHL', '8'),
(1212, 15, '2023-06-22', 'GCCWEBHL', '7'),
(1213, 15, '2023-06-22', 'GCCWEBHL', '8'),
(1214, 15, '2023-06-24', 'GCCWEBHL', '7'),
(1215, 15, '2023-06-24', 'GCCWEBHL', '8'),
(1216, 3, '2023-05-09', 'GDE1101', '4'),
(1217, 3, '2023-05-09', 'GDE1101', '5'),
(1218, 3, '2023-05-11', 'GDE1101', '4'),
(1219, 3, '2023-05-11', 'GDE1101', '5'),
(1220, 3, '2023-05-16', 'GDE1101', '4'),
(1221, 3, '2023-05-16', 'GDE1101', '5'),
(1222, 3, '2023-05-18', 'GDE1101', '4'),
(1223, 3, '2023-05-18', 'GDE1101', '5'),
(1224, 3, '2023-05-23', 'GDE1101', '4'),
(1225, 3, '2023-05-23', 'GDE1101', '5'),
(1226, 3, '2023-05-25', 'GDE1101', '4'),
(1227, 3, '2023-05-25', 'GDE1101', '5'),
(1228, 3, '2023-05-30', 'GDE1101', '4'),
(1229, 3, '2023-05-30', 'GDE1101', '5'),
(1230, 3, '2023-06-01', 'GDE1101', '4'),
(1231, 3, '2023-06-01', 'GDE1101', '5'),
(1232, 3, '2023-06-06', 'GDE1101', '4'),
(1233, 3, '2023-06-06', 'GDE1101', '5'),
(1234, 3, '2023-06-08', 'GDE1101', '4'),
(1235, 3, '2023-06-08', 'GDE1101', '5'),
(1236, 3, '2023-06-13', 'GDE1101', '4'),
(1237, 3, '2023-06-13', 'GDE1101', '5'),
(1238, 3, '2023-06-15', 'GDE1101', '4'),
(1239, 3, '2023-06-15', 'GDE1101', '5'),
(1240, 3, '2023-06-20', 'GDE1101', '4'),
(1241, 3, '2023-06-20', 'GDE1101', '5'),
(1242, 3, '2023-06-22', 'GDE1101', '4'),
(1243, 3, '2023-06-22', 'GDE1101', '5'),
(1244, 3, '2023-06-27', 'GDE1101', '4'),
(1245, 3, '2023-06-27', 'GDE1101', '5'),
(1246, 11, '2023-05-12', 'OJT - SU2301', '1'),
(1247, 11, '2023-05-12', 'OJT - SU2301', '2'),
(1248, 11, '2023-05-13', 'OJT - SU2301', '1'),
(1249, 11, '2023-05-13', 'OJT - SU2301', '2'),
(1250, 11, '2023-05-15', 'OJT - SU2301', '1'),
(1251, 11, '2023-05-15', 'OJT - SU2301', '2'),
(1252, 11, '2023-05-16', 'OJT - SU2301', '1'),
(1253, 11, '2023-05-16', 'OJT - SU2301', '2'),
(1254, 11, '2023-05-08', 'OJT - SU2301', '7'),
(1255, 11, '2023-05-08', 'OJT - SU2301', '8'),
(1256, 11, '2023-05-09', 'OJT - SU2301', '7'),
(1257, 11, '2023-05-09', 'OJT - SU2301', '8'),
(1258, 11, '2023-05-10', 'OJT - SU2301', '7'),
(1259, 11, '2023-05-10', 'OJT - SU2301', '8'),
(1260, 11, '2023-05-08', 'OJT - SU2302', '1'),
(1261, 11, '2023-05-08', 'OJT - SU2302', '2'),
(1262, 11, '2023-05-09', 'OJT - SU2302', '1'),
(1263, 11, '2023-05-09', 'OJT - SU2302', '2'),
(1264, 11, '2023-05-11', 'OJT - SU2302', '1'),
(1265, 11, '2023-05-11', 'OJT - SU2302', '2'),
(1266, 11, '2023-05-12', 'OJT - SU2302', '7'),
(1267, 11, '2023-05-12', 'OJT - SU2302', '8'),
(1268, 11, '2023-05-13', 'OJT - SU2302', '7'),
(1269, 11, '2023-05-13', 'OJT - SU2302', '8');
INSERT INTO `schedule` (`id`, `room_id`, `date`, `class`, `slot`) VALUES
(1270, 11, '2023-05-15', 'OJT - SU2302', '7'),
(1271, 11, '2023-05-15', 'OJT - SU2302', '8'),
(1272, 11, '2023-05-16', 'OJT - SU2302', '7'),
(1273, 11, '2023-05-16', 'OJT - SU2302', '8'),
(1274, 11, '2023-05-08', 'OJT - SU2303', '4'),
(1275, 11, '2023-05-08', 'OJT - SU2303', '5'),
(1276, 11, '2023-05-08', 'OJT - SU2303', '6'),
(1277, 11, '2023-05-09', 'OJT - SU2303', '4'),
(1278, 11, '2023-05-09', 'OJT - SU2303', '5'),
(1279, 11, '2023-05-09', 'OJT - SU2303', '6'),
(1280, 11, '2023-05-10', 'OJT - SU2303', '4'),
(1281, 11, '2023-05-10', 'OJT - SU2303', '5'),
(1282, 11, '2023-05-10', 'OJT - SU2303', '6'),
(1283, 11, '2023-05-11', 'OJT - SU2303', '4'),
(1284, 11, '2023-05-11', 'OJT - SU2303', '5'),
(1285, 11, '2023-05-11', 'OJT - SU2303', '6'),
(1286, 8, '2023-05-12', 'OJT - SU2303', '7'),
(1287, 8, '2023-05-12', 'OJT - SU2303', '8'),
(1288, 8, '2023-05-13', 'OJT - SU2303', '7'),
(1289, 8, '2023-05-13', 'OJT - SU2303', '8'),
(1290, 8, '2023-05-16', 'OJT - SU2303', '7'),
(1291, 8, '2023-05-16', 'OJT - SU2303', '8'),
(1292, 8, '2023-05-08', 'OJT - SU2304', '1'),
(1293, 8, '2023-05-08', 'OJT - SU2304', '2'),
(1294, 8, '2023-05-09', 'OJT - SU2304', '1'),
(1295, 8, '2023-05-09', 'OJT - SU2304', '2'),
(1296, 8, '2023-05-11', 'OJT - SU2304', '1'),
(1297, 8, '2023-05-11', 'OJT - SU2304', '2'),
(1298, 8, '2023-05-12', 'OJT - SU2304', '1'),
(1299, 8, '2023-05-12', 'OJT - SU2304', '2'),
(1300, 3, '2023-05-09', 'OJT - SU2304', '7'),
(1301, 3, '2023-05-09', 'OJT - SU2304', '8'),
(1302, 3, '2023-05-12', 'OJT - SU2304', '7'),
(1303, 3, '2023-05-12', 'OJT - SU2304', '8'),
(1304, 11, '2023-05-16', 'OJT - SU2304', '5'),
(1305, 11, '2023-05-16', 'OJT - SU2304', '6'),
(1306, 18, '2023-05-09', 'GBC05BA1', '3'),
(1307, 18, '2023-05-09', 'GBC05BA1', '4'),
(1308, 18, '2023-05-16', 'GBC05BA1', '3'),
(1309, 18, '2023-05-16', 'GBC05BA1', '4'),
(1310, 18, '2023-05-23', 'GBC05BA1', '3'),
(1311, 18, '2023-05-23', 'GBC05BA1', '4'),
(1312, 18, '2023-05-30', 'GBC05BA1', '3'),
(1313, 18, '2023-05-30', 'GBC05BA1', '4'),
(1314, 18, '2023-06-06', 'GBC05BA1', '3'),
(1315, 18, '2023-06-06', 'GBC05BA1', '4'),
(1316, 18, '2023-06-13', 'GBC05BA1', '3'),
(1317, 18, '2023-06-13', 'GBC05BA1', '4'),
(1318, 18, '2023-06-20', 'GBC05BA1', '3'),
(1319, 18, '2023-06-20', 'GBC05BA1', '4'),
(1320, 18, '2023-06-27', 'GBC05BA1', '3'),
(1321, 18, '2023-06-27', 'GBC05BA1', '4'),
(1322, 18, '2023-07-11', 'GBC05BA1', '3'),
(1323, 18, '2023-07-11', 'GBC05BA1', '4'),
(1324, 18, '2023-07-18', 'GBC05BA1', '3'),
(1325, 18, '2023-07-18', 'GBC05BA1', '4'),
(1326, 18, '2023-07-25', 'GBC05BA1', '3'),
(1327, 18, '2023-07-25', 'GBC05BA1', '4'),
(1328, 18, '2023-08-01', 'GBC05BA1', '3'),
(1329, 18, '2023-08-01', 'GBC05BA1', '4'),
(1330, 18, '2023-05-12', 'GBC05BA1', '1'),
(1331, 18, '2023-05-12', 'GBC05BA1', '2'),
(1332, 18, '2023-05-19', 'GBC05BA1', '1'),
(1333, 18, '2023-05-19', 'GBC05BA1', '2'),
(1334, 18, '2023-05-26', 'GBC05BA1', '1'),
(1335, 18, '2023-05-26', 'GBC05BA1', '2'),
(1336, 18, '2023-06-02', 'GBC05BA1', '1'),
(1337, 18, '2023-06-02', 'GBC05BA1', '2'),
(1338, 18, '2023-06-09', 'GBC05BA1', '1'),
(1339, 18, '2023-06-09', 'GBC05BA1', '2'),
(1340, 18, '2023-06-16', 'GBC05BA1', '1'),
(1341, 18, '2023-06-16', 'GBC05BA1', '2'),
(1342, 18, '2023-06-23', 'GBC05BA1', '1'),
(1343, 18, '2023-06-23', 'GBC05BA1', '2'),
(1344, 18, '2023-06-30', 'GBC05BA1', '1'),
(1345, 18, '2023-06-30', 'GBC05BA1', '2'),
(1346, 18, '2023-07-14', 'GBC05BA1', '1'),
(1347, 18, '2023-07-14', 'GBC05BA1', '2'),
(1348, 18, '2023-07-21', 'GBC05BA1', '1'),
(1349, 18, '2023-07-21', 'GBC05BA1', '2'),
(1350, 18, '2023-07-28', 'GBC05BA1', '1'),
(1351, 18, '2023-07-28', 'GBC05BA1', '2'),
(1352, 18, '2023-08-04', 'GBC05BA1', '1'),
(1353, 18, '2023-08-04', 'GBC05BA1', '2'),
(1354, 21, '2023-05-13', 'GBC05BA1', '1'),
(1355, 21, '2023-05-13', 'GBC05BA1', '2'),
(1356, 21, '2023-05-20', 'GBC05BA1', '1'),
(1357, 21, '2023-05-20', 'GBC05BA1', '2'),
(1358, 21, '2023-05-27', 'GBC05BA1', '1'),
(1359, 21, '2023-05-27', 'GBC05BA1', '2'),
(1360, 21, '2023-06-03', 'GBC05BA1', '1'),
(1361, 21, '2023-06-03', 'GBC05BA1', '2'),
(1362, 21, '2023-06-10', 'GBC05BA1', '1'),
(1363, 21, '2023-06-10', 'GBC05BA1', '2'),
(1364, 21, '2023-06-17', 'GBC05BA1', '1'),
(1365, 21, '2023-06-17', 'GBC05BA1', '2'),
(1366, 21, '2023-06-24', 'GBC05BA1', '1'),
(1367, 21, '2023-06-24', 'GBC05BA1', '2'),
(1368, 21, '2023-07-01', 'GBC05BA1', '1'),
(1369, 21, '2023-07-01', 'GBC05BA1', '2'),
(1370, 21, '2023-07-15', 'GBC05BA1', '1'),
(1371, 21, '2023-07-15', 'GBC05BA1', '2'),
(1372, 21, '2023-07-22', 'GBC05BA1', '1'),
(1373, 21, '2023-07-22', 'GBC05BA1', '2'),
(1374, 21, '2023-07-29', 'GBC05BA1', '1'),
(1375, 21, '2023-07-29', 'GBC05BA1', '2'),
(1376, 21, '2023-08-05', 'GBC05BA1', '1'),
(1377, 21, '2023-08-05', 'GBC05BA1', '2'),
(1378, 18, '2023-05-08', 'GBC05BA2', '1'),
(1379, 18, '2023-05-08', 'GBC05BA2', '2'),
(1380, 18, '2023-05-15', 'GBC05BA2', '1'),
(1381, 18, '2023-05-15', 'GBC05BA2', '2'),
(1382, 18, '2023-05-22', 'GBC05BA2', '1'),
(1383, 18, '2023-05-22', 'GBC05BA2', '2'),
(1384, 18, '2023-05-29', 'GBC05BA2', '1'),
(1385, 18, '2023-05-29', 'GBC05BA2', '2'),
(1386, 18, '2023-06-05', 'GBC05BA2', '1'),
(1387, 18, '2023-06-05', 'GBC05BA2', '2'),
(1388, 18, '2023-06-12', 'GBC05BA2', '1'),
(1389, 18, '2023-06-12', 'GBC05BA2', '2'),
(1390, 18, '2023-06-19', 'GBC05BA2', '1'),
(1391, 18, '2023-06-19', 'GBC05BA2', '2'),
(1392, 18, '2023-06-26', 'GBC05BA2', '1'),
(1393, 18, '2023-06-26', 'GBC05BA2', '2'),
(1394, 18, '2023-07-10', 'GBC05BA2', '1'),
(1395, 18, '2023-07-10', 'GBC05BA2', '2'),
(1396, 18, '2023-07-17', 'GBC05BA2', '1'),
(1397, 18, '2023-07-17', 'GBC05BA2', '2'),
(1398, 18, '2023-07-24', 'GBC05BA2', '1'),
(1399, 18, '2023-07-24', 'GBC05BA2', '2'),
(1400, 18, '2023-07-31', 'GBC05BA2', '1'),
(1401, 18, '2023-07-31', 'GBC05BA2', '2'),
(1402, 18, '2023-05-10', 'GBC05BA2', '1'),
(1403, 18, '2023-05-10', 'GBC05BA2', '2'),
(1404, 18, '2023-05-17', 'GBC05BA2', '1'),
(1405, 18, '2023-05-17', 'GBC05BA2', '2'),
(1406, 18, '2023-05-24', 'GBC05BA2', '1'),
(1407, 18, '2023-05-24', 'GBC05BA2', '2'),
(1408, 18, '2023-05-31', 'GBC05BA2', '1'),
(1409, 18, '2023-05-31', 'GBC05BA2', '2'),
(1410, 18, '2023-06-07', 'GBC05BA2', '1'),
(1411, 18, '2023-06-07', 'GBC05BA2', '2'),
(1412, 18, '2023-06-14', 'GBC05BA2', '1'),
(1413, 18, '2023-06-14', 'GBC05BA2', '2'),
(1414, 18, '2023-06-21', 'GBC05BA2', '1'),
(1415, 18, '2023-06-21', 'GBC05BA2', '2'),
(1416, 18, '2023-06-28', 'GBC05BA2', '1'),
(1417, 18, '2023-06-28', 'GBC05BA2', '2'),
(1418, 18, '2023-07-12', 'GBC05BA2', '1'),
(1419, 18, '2023-07-12', 'GBC05BA2', '2'),
(1420, 18, '2023-07-19', 'GBC05BA2', '1'),
(1421, 18, '2023-07-19', 'GBC05BA2', '2'),
(1422, 18, '2023-07-26', 'GBC05BA2', '1'),
(1423, 18, '2023-07-26', 'GBC05BA2', '2'),
(1424, 18, '2023-08-02', 'GBC05BA2', '1'),
(1425, 18, '2023-08-02', 'GBC05BA2', '2'),
(1426, 18, '2023-05-11', 'GBC05BA2', '5'),
(1427, 18, '2023-05-11', 'GBC05BA2', '6'),
(1428, 18, '2023-05-18', 'GBC05BA2', '5'),
(1429, 18, '2023-05-18', 'GBC05BA2', '6'),
(1430, 18, '2023-05-25', 'GBC05BA2', '5'),
(1431, 18, '2023-05-25', 'GBC05BA2', '6'),
(1432, 18, '2023-06-01', 'GBC05BA2', '5'),
(1433, 18, '2023-06-01', 'GBC05BA2', '6'),
(1434, 18, '2023-06-08', 'GBC05BA2', '5'),
(1435, 18, '2023-06-08', 'GBC05BA2', '6'),
(1436, 18, '2023-06-15', 'GBC05BA2', '5'),
(1437, 18, '2023-06-15', 'GBC05BA2', '6'),
(1438, 18, '2023-06-22', 'GBC05BA2', '5'),
(1439, 18, '2023-06-22', 'GBC05BA2', '6'),
(1440, 18, '2023-06-29', 'GBC05BA2', '5'),
(1441, 18, '2023-06-29', 'GBC05BA2', '6'),
(1442, 18, '2023-07-13', 'GBC05BA2', '5'),
(1443, 18, '2023-07-13', 'GBC05BA2', '6'),
(1444, 18, '2023-07-20', 'GBC05BA2', '5'),
(1445, 18, '2023-07-20', 'GBC05BA2', '6'),
(1446, 18, '2023-07-27', 'GBC05BA2', '5'),
(1447, 18, '2023-07-27', 'GBC05BA2', '6'),
(1448, 18, '2023-08-03', 'GBC05BA2', '5'),
(1449, 18, '2023-08-03', 'GBC05BA2', '6'),
(1450, 18, '2023-05-09', 'GBC05BA3', '1'),
(1451, 18, '2023-05-09', 'GBC05BA3', '2'),
(1452, 18, '2023-05-16', 'GBC05BA3', '1'),
(1453, 18, '2023-05-16', 'GBC05BA3', '2'),
(1454, 18, '2023-05-23', 'GBC05BA3', '1'),
(1455, 18, '2023-05-23', 'GBC05BA3', '2'),
(1456, 18, '2023-05-30', 'GBC05BA3', '1'),
(1457, 18, '2023-05-30', 'GBC05BA3', '2'),
(1458, 18, '2023-06-06', 'GBC05BA3', '1'),
(1459, 18, '2023-06-06', 'GBC05BA3', '2'),
(1460, 18, '2023-06-13', 'GBC05BA3', '1'),
(1461, 18, '2023-06-13', 'GBC05BA3', '2'),
(1462, 18, '2023-06-20', 'GBC05BA3', '1'),
(1463, 18, '2023-06-20', 'GBC05BA3', '2'),
(1464, 18, '2023-06-27', 'GBC05BA3', '1'),
(1465, 18, '2023-06-27', 'GBC05BA3', '2'),
(1466, 18, '2023-07-11', 'GBC05BA3', '1'),
(1467, 18, '2023-07-11', 'GBC05BA3', '2'),
(1468, 18, '2023-07-18', 'GBC05BA3', '1'),
(1469, 18, '2023-07-18', 'GBC05BA3', '2'),
(1470, 18, '2023-07-25', 'GBC05BA3', '1'),
(1471, 18, '2023-07-25', 'GBC05BA3', '2'),
(1472, 18, '2023-08-01', 'GBC05BA3', '1'),
(1473, 18, '2023-08-01', 'GBC05BA3', '2'),
(1474, 20, '2023-05-10', 'GBC05BA3', '5'),
(1475, 20, '2023-05-10', 'GBC05BA3', '6'),
(1476, 20, '2023-05-17', 'GBC05BA3', '5'),
(1477, 20, '2023-05-17', 'GBC05BA3', '6'),
(1478, 20, '2023-05-24', 'GBC05BA3', '5'),
(1479, 20, '2023-05-24', 'GBC05BA3', '6'),
(1480, 20, '2023-05-31', 'GBC05BA3', '5'),
(1481, 20, '2023-05-31', 'GBC05BA3', '6'),
(1482, 20, '2023-06-07', 'GBC05BA3', '5'),
(1483, 20, '2023-06-07', 'GBC05BA3', '6'),
(1484, 20, '2023-06-14', 'GBC05BA3', '5'),
(1485, 20, '2023-06-14', 'GBC05BA3', '6'),
(1486, 20, '2023-06-21', 'GBC05BA3', '5'),
(1487, 20, '2023-06-21', 'GBC05BA3', '6'),
(1488, 20, '2023-06-28', 'GBC05BA3', '5'),
(1489, 20, '2023-06-28', 'GBC05BA3', '6'),
(1490, 20, '2023-07-12', 'GBC05BA3', '5'),
(1491, 20, '2023-07-12', 'GBC05BA3', '6'),
(1492, 20, '2023-07-19', 'GBC05BA3', '5'),
(1493, 20, '2023-07-19', 'GBC05BA3', '6'),
(1494, 20, '2023-07-26', 'GBC05BA3', '5'),
(1495, 20, '2023-07-26', 'GBC05BA3', '6'),
(1496, 20, '2023-08-02', 'GBC05BA3', '5'),
(1497, 20, '2023-08-02', 'GBC05BA3', '6'),
(1498, 21, '2023-05-13', 'GBC05BA3', '5'),
(1499, 21, '2023-05-13', 'GBC05BA3', '6'),
(1500, 21, '2023-05-20', 'GBC05BA3', '5'),
(1501, 21, '2023-05-20', 'GBC05BA3', '6'),
(1502, 21, '2023-05-27', 'GBC05BA3', '5'),
(1503, 21, '2023-05-27', 'GBC05BA3', '6'),
(1504, 21, '2023-06-03', 'GBC05BA3', '5'),
(1505, 21, '2023-06-03', 'GBC05BA3', '6'),
(1506, 21, '2023-06-10', 'GBC05BA3', '5'),
(1507, 21, '2023-06-10', 'GBC05BA3', '6'),
(1508, 21, '2023-06-17', 'GBC05BA3', '5'),
(1509, 21, '2023-06-17', 'GBC05BA3', '6'),
(1510, 21, '2023-06-24', 'GBC05BA3', '5'),
(1511, 21, '2023-06-24', 'GBC05BA3', '6'),
(1512, 21, '2023-07-01', 'GBC05BA3', '5'),
(1513, 21, '2023-07-01', 'GBC05BA3', '6'),
(1514, 21, '2023-07-15', 'GBC05BA3', '5'),
(1515, 21, '2023-07-15', 'GBC05BA3', '6'),
(1516, 21, '2023-07-22', 'GBC05BA3', '5'),
(1517, 21, '2023-07-22', 'GBC05BA3', '6'),
(1518, 21, '2023-07-29', 'GBC05BA3', '5'),
(1519, 21, '2023-07-29', 'GBC05BA3', '6'),
(1520, 21, '2023-08-05', 'GBC05BA3', '5'),
(1521, 21, '2023-08-05', 'GBC05BA3', '6'),
(1522, 18, '2023-05-12', 'GBC05BA3.B', '5'),
(1523, 18, '2023-05-12', 'GBC05BA3.B', '6'),
(1524, 18, '2023-05-19', 'GBC05BA3.B', '5'),
(1525, 18, '2023-05-19', 'GBC05BA3.B', '6'),
(1526, 18, '2023-05-26', 'GBC05BA3.B', '5'),
(1527, 18, '2023-05-26', 'GBC05BA3.B', '6'),
(1528, 18, '2023-06-02', 'GBC05BA3.B', '5'),
(1529, 18, '2023-06-02', 'GBC05BA3.B', '6'),
(1530, 18, '2023-06-09', 'GBC05BA3.B', '5'),
(1531, 18, '2023-06-09', 'GBC05BA3.B', '6'),
(1532, 18, '2023-06-16', 'GBC05BA3.B', '5'),
(1533, 18, '2023-06-16', 'GBC05BA3.B', '6'),
(1534, 18, '2023-06-23', 'GBC05BA3.B', '5'),
(1535, 18, '2023-06-23', 'GBC05BA3.B', '6'),
(1536, 18, '2023-06-30', 'GBC05BA3.B', '5'),
(1537, 18, '2023-06-30', 'GBC05BA3.B', '6'),
(1538, 18, '2023-07-14', 'GBC05BA3.B', '5'),
(1539, 18, '2023-07-14', 'GBC05BA3.B', '6'),
(1540, 18, '2023-07-21', 'GBC05BA3.B', '5'),
(1541, 18, '2023-07-21', 'GBC05BA3.B', '6'),
(1542, 18, '2023-07-28', 'GBC05BA3.B', '5'),
(1543, 18, '2023-07-28', 'GBC05BA3.B', '6'),
(1544, 18, '2023-08-04', 'GBC05BA3.B', '5'),
(1545, 18, '2023-08-04', 'GBC05BA3.B', '6'),
(1546, 20, '2023-05-10', 'GBC05BA4', '3'),
(1547, 20, '2023-05-10', 'GBC05BA4', '4'),
(1548, 20, '2023-05-15', 'GBC05BA4', '3'),
(1549, 20, '2023-05-15', 'GBC05BA4', '4'),
(1550, 20, '2023-05-22', 'GBC05BA4', '3'),
(1551, 20, '2023-05-22', 'GBC05BA4', '4'),
(1552, 20, '2023-05-29', 'GBC05BA4', '3'),
(1553, 20, '2023-05-29', 'GBC05BA4', '4'),
(1554, 20, '2023-06-05', 'GBC05BA4', '3'),
(1555, 20, '2023-06-05', 'GBC05BA4', '4'),
(1556, 20, '2023-06-12', 'GBC05BA4', '3'),
(1557, 20, '2023-06-12', 'GBC05BA4', '4'),
(1558, 20, '2023-06-19', 'GBC05BA4', '3'),
(1559, 20, '2023-06-19', 'GBC05BA4', '4'),
(1560, 20, '2023-06-26', 'GBC05BA4', '3'),
(1561, 20, '2023-06-26', 'GBC05BA4', '4'),
(1562, 20, '2023-07-10', 'GBC05BA4', '3'),
(1563, 20, '2023-07-10', 'GBC05BA4', '4'),
(1564, 20, '2023-07-17', 'GBC05BA4', '3'),
(1565, 20, '2023-07-17', 'GBC05BA4', '4'),
(1566, 20, '2023-07-24', 'GBC05BA4', '3'),
(1567, 20, '2023-07-24', 'GBC05BA4', '4'),
(1568, 20, '2023-07-31', 'GBC05BA4', '3'),
(1569, 20, '2023-07-31', 'GBC05BA4', '4'),
(1570, 20, '2023-05-12', 'GBC05BA4', '5'),
(1571, 20, '2023-05-12', 'GBC05BA4', '6'),
(1572, 20, '2023-05-19', 'GBC05BA4', '5'),
(1573, 20, '2023-05-19', 'GBC05BA4', '6'),
(1574, 20, '2023-05-26', 'GBC05BA4', '5'),
(1575, 20, '2023-05-26', 'GBC05BA4', '6'),
(1576, 20, '2023-06-02', 'GBC05BA4', '5'),
(1577, 20, '2023-06-02', 'GBC05BA4', '6'),
(1578, 20, '2023-06-09', 'GBC05BA4', '5'),
(1579, 20, '2023-06-09', 'GBC05BA4', '6'),
(1580, 20, '2023-06-16', 'GBC05BA4', '5'),
(1581, 20, '2023-06-16', 'GBC05BA4', '6'),
(1582, 20, '2023-06-23', 'GBC05BA4', '5'),
(1583, 20, '2023-06-23', 'GBC05BA4', '6'),
(1584, 20, '2023-06-30', 'GBC05BA4', '5'),
(1585, 20, '2023-06-30', 'GBC05BA4', '6'),
(1586, 20, '2023-07-14', 'GBC05BA4', '5'),
(1587, 20, '2023-07-14', 'GBC05BA4', '6'),
(1588, 20, '2023-07-21', 'GBC05BA4', '5'),
(1589, 20, '2023-07-21', 'GBC05BA4', '6'),
(1590, 20, '2023-07-28', 'GBC05BA4', '5'),
(1591, 20, '2023-07-28', 'GBC05BA4', '6'),
(1592, 20, '2023-08-04', 'GBC05BA4', '5'),
(1593, 20, '2023-08-04', 'GBC05BA4', '6'),
(1594, 20, '2023-05-09', 'GBM1101', '1'),
(1595, 20, '2023-05-09', 'GBM1101', '2'),
(1596, 20, '2023-05-11', 'GBM1101', '1'),
(1597, 20, '2023-05-11', 'GBM1101', '2'),
(1598, 20, '2023-05-16', 'GBM1101', '1'),
(1599, 20, '2023-05-16', 'GBM1101', '2'),
(1600, 20, '2023-05-18', 'GBM1101', '1'),
(1601, 20, '2023-05-18', 'GBM1101', '2'),
(1602, 20, '2023-05-23', 'GBM1101', '1'),
(1603, 20, '2023-05-23', 'GBM1101', '2'),
(1604, 20, '2023-05-25', 'GBM1101', '1'),
(1605, 20, '2023-05-25', 'GBM1101', '2'),
(1606, 20, '2023-05-30', 'GBM1101', '1'),
(1607, 20, '2023-05-30', 'GBM1101', '2'),
(1608, 20, '2023-06-01', 'GBM1101', '1'),
(1609, 20, '2023-06-01', 'GBM1101', '2'),
(1610, 20, '2023-06-06', 'GBM1101', '1'),
(1611, 20, '2023-06-06', 'GBM1101', '2'),
(1612, 20, '2023-06-08', 'GBM1101', '1'),
(1613, 20, '2023-06-08', 'GBM1101', '2'),
(1614, 20, '2023-06-13', 'GBM1101', '1'),
(1615, 20, '2023-06-13', 'GBM1101', '2'),
(1616, 20, '2023-06-15', 'GBM1101', '1'),
(1617, 20, '2023-06-15', 'GBM1101', '2'),
(1618, 20, '2023-06-20', 'GBM1101', '1'),
(1619, 20, '2023-06-20', 'GBM1101', '2'),
(1620, 20, '2023-06-22', 'GBM1101', '1'),
(1621, 20, '2023-06-22', 'GBM1101', '2'),
(1622, 20, '2023-06-27', 'GBM1101', '1'),
(1623, 20, '2023-06-27', 'GBM1101', '2'),
(1624, 20, '2023-06-29', 'GBM1101', '1'),
(1625, 20, '2023-06-29', 'GBM1101', '2'),
(1626, 21, '2023-05-10', 'GBM1101', '1'),
(1627, 21, '2023-05-10', 'GBM1101', '2'),
(1628, 21, '2023-05-12', 'GBM1101', '1'),
(1629, 21, '2023-05-12', 'GBM1101', '2'),
(1630, 21, '2023-05-17', 'GBM1101', '1'),
(1631, 21, '2023-05-17', 'GBM1101', '2'),
(1632, 21, '2023-05-19', 'GBM1101', '1'),
(1633, 21, '2023-05-19', 'GBM1101', '2'),
(1634, 21, '2023-05-24', 'GBM1101', '1'),
(1635, 21, '2023-05-24', 'GBM1101', '2'),
(1636, 21, '2023-05-26', 'GBM1101', '1'),
(1637, 21, '2023-05-26', 'GBM1101', '2'),
(1638, 21, '2023-05-31', 'GBM1101', '1'),
(1639, 21, '2023-05-31', 'GBM1101', '2'),
(1640, 21, '2023-06-02', 'GBM1101', '1'),
(1641, 21, '2023-06-02', 'GBM1101', '2'),
(1642, 21, '2023-06-07', 'GBM1101', '1'),
(1643, 21, '2023-06-07', 'GBM1101', '2'),
(1644, 21, '2023-06-09', 'GBM1101', '1'),
(1645, 21, '2023-06-09', 'GBM1101', '2'),
(1646, 21, '2023-06-14', 'GBM1101', '1'),
(1647, 21, '2023-06-14', 'GBM1101', '2'),
(1648, 21, '2023-06-16', 'GBM1101', '1'),
(1649, 21, '2023-06-16', 'GBM1101', '2'),
(1650, 21, '2023-06-21', 'GBM1101', '1'),
(1651, 21, '2023-06-21', 'GBM1101', '2'),
(1652, 21, '2023-06-23', 'GBM1101', '1'),
(1653, 21, '2023-06-23', 'GBM1101', '2'),
(1654, 21, '2023-06-28', 'GBM1101', '1'),
(1655, 21, '2023-06-28', 'GBM1101', '2'),
(1656, 21, '2023-06-30', 'GBM1101', '1'),
(1657, 21, '2023-06-30', 'GBM1101', '2'),
(1658, 20, '2023-05-09', 'GBM1102', '5'),
(1659, 20, '2023-05-09', 'GBM1102', '6'),
(1660, 20, '2023-05-11', 'GBM1102', '5'),
(1661, 20, '2023-05-11', 'GBM1102', '6'),
(1662, 20, '2023-05-16', 'GBM1102', '5'),
(1663, 20, '2023-05-16', 'GBM1102', '6'),
(1664, 20, '2023-05-18', 'GBM1102', '5'),
(1665, 20, '2023-05-18', 'GBM1102', '6'),
(1666, 20, '2023-05-23', 'GBM1102', '5'),
(1667, 20, '2023-05-23', 'GBM1102', '6'),
(1668, 20, '2023-05-25', 'GBM1102', '5'),
(1669, 20, '2023-05-25', 'GBM1102', '6'),
(1670, 20, '2023-05-30', 'GBM1102', '5'),
(1671, 20, '2023-05-30', 'GBM1102', '6'),
(1672, 20, '2023-06-01', 'GBM1102', '5'),
(1673, 20, '2023-06-01', 'GBM1102', '6'),
(1674, 20, '2023-06-06', 'GBM1102', '5'),
(1675, 20, '2023-06-06', 'GBM1102', '6'),
(1676, 20, '2023-06-08', 'GBM1102', '5'),
(1677, 20, '2023-06-08', 'GBM1102', '6'),
(1678, 20, '2023-06-13', 'GBM1102', '5'),
(1679, 20, '2023-06-13', 'GBM1102', '6'),
(1680, 20, '2023-06-15', 'GBM1102', '5'),
(1681, 20, '2023-06-15', 'GBM1102', '6'),
(1682, 20, '2023-06-20', 'GBM1102', '5'),
(1683, 20, '2023-06-20', 'GBM1102', '6'),
(1684, 20, '2023-06-22', 'GBM1102', '5'),
(1685, 20, '2023-06-22', 'GBM1102', '6'),
(1686, 20, '2023-06-27', 'GBM1102', '5'),
(1687, 20, '2023-06-27', 'GBM1102', '6'),
(1688, 20, '2023-06-29', 'GBM1102', '5'),
(1689, 20, '2023-06-29', 'GBM1102', '6'),
(1690, 21, '2023-05-10', 'GBM1102', '5'),
(1691, 21, '2023-05-10', 'GBM1102', '6'),
(1692, 21, '2023-05-12', 'GBM1102', '5'),
(1693, 21, '2023-05-12', 'GBM1102', '6'),
(1694, 21, '2023-05-17', 'GBM1102', '5'),
(1695, 21, '2023-05-17', 'GBM1102', '6'),
(1696, 21, '2023-05-19', 'GBM1102', '5'),
(1697, 21, '2023-05-19', 'GBM1102', '6'),
(1698, 21, '2023-05-24', 'GBM1102', '5'),
(1699, 21, '2023-05-24', 'GBM1102', '6'),
(1700, 21, '2023-05-26', 'GBM1102', '5'),
(1701, 21, '2023-05-26', 'GBM1102', '6'),
(1702, 21, '2023-05-31', 'GBM1102', '5'),
(1703, 21, '2023-05-31', 'GBM1102', '6'),
(1704, 21, '2023-06-02', 'GBM1102', '5'),
(1705, 21, '2023-06-02', 'GBM1102', '6'),
(1706, 21, '2023-06-07', 'GBM1102', '5'),
(1707, 21, '2023-06-07', 'GBM1102', '6'),
(1708, 21, '2023-06-09', 'GBM1102', '5'),
(1709, 21, '2023-06-09', 'GBM1102', '6'),
(1710, 21, '2023-06-14', 'GBM1102', '5'),
(1711, 21, '2023-06-14', 'GBM1102', '6'),
(1712, 21, '2023-06-16', 'GBM1102', '5'),
(1713, 21, '2023-06-16', 'GBM1102', '6'),
(1714, 21, '2023-06-21', 'GBM1102', '5'),
(1715, 21, '2023-06-21', 'GBM1102', '6'),
(1716, 21, '2023-06-23', 'GBM1102', '5'),
(1717, 21, '2023-06-23', 'GBM1102', '6'),
(1718, 21, '2023-06-28', 'GBM1102', '5'),
(1719, 21, '2023-06-28', 'GBM1102', '6'),
(1720, 21, '2023-06-30', 'GBM1102', '5'),
(1721, 21, '2023-06-30', 'GBM1102', '6'),
(1722, 12, '2023-05-16', 'GCC03SE1', '6'),
(1723, 12, '2023-05-16', 'GCC03SE1', '7'),
(1724, 12, '2023-05-16', 'GCC03SE1', '8'),
(1725, 12, '2023-05-23', 'GCC03SE1', '6'),
(1726, 12, '2023-05-23', 'GCC03SE1', '7'),
(1727, 12, '2023-05-23', 'GCC03SE1', '8'),
(1728, 12, '2023-05-25', 'GCC03SE1', '6'),
(1729, 12, '2023-05-25', 'GCC03SE1', '7'),
(1730, 12, '2023-05-25', 'GCC03SE1', '8'),
(1731, 12, '2023-05-30', 'GCC03SE1', '6'),
(1732, 12, '2023-05-30', 'GCC03SE1', '7'),
(1733, 12, '2023-05-30', 'GCC03SE1', '8'),
(1734, 12, '2023-06-06', 'GCC03SE1', '6'),
(1735, 12, '2023-06-06', 'GCC03SE1', '7'),
(1736, 12, '2023-06-06', 'GCC03SE1', '8'),
(1737, 12, '2023-06-13', 'GCC03SE1', '6'),
(1738, 12, '2023-06-13', 'GCC03SE1', '7'),
(1739, 12, '2023-06-13', 'GCC03SE1', '8'),
(1740, 12, '2023-06-20', 'GCC03SE1', '6'),
(1741, 12, '2023-06-20', 'GCC03SE1', '7'),
(1742, 12, '2023-06-20', 'GCC03SE1', '8'),
(1743, 12, '2023-06-27', 'GCC03SE1', '6'),
(1744, 12, '2023-06-27', 'GCC03SE1', '7'),
(1745, 12, '2023-06-27', 'GCC03SE1', '8'),
(1746, 12, '2023-07-11', 'GCC03SE1', '6'),
(1747, 12, '2023-07-11', 'GCC03SE1', '7'),
(1748, 12, '2023-07-11', 'GCC03SE1', '8'),
(1749, 12, '2023-07-18', 'GCC03SE1', '6'),
(1750, 12, '2023-07-18', 'GCC03SE1', '7'),
(1751, 12, '2023-07-18', 'GCC03SE1', '8'),
(1752, 12, '2023-05-17', 'GCC03SE2', '6'),
(1753, 12, '2023-05-17', 'GCC03SE2', '7'),
(1754, 12, '2023-05-17', 'GCC03SE2', '8'),
(1755, 12, '2023-05-24', 'GCC03SE2', '6'),
(1756, 12, '2023-05-24', 'GCC03SE2', '7'),
(1757, 12, '2023-05-24', 'GCC03SE2', '8'),
(1758, 12, '2023-05-26', 'GCC03SE2', '6'),
(1759, 12, '2023-05-26', 'GCC03SE2', '7'),
(1760, 12, '2023-05-26', 'GCC03SE2', '8'),
(1761, 12, '2023-05-31', 'GCC03SE2', '6'),
(1762, 12, '2023-05-31', 'GCC03SE2', '7'),
(1763, 12, '2023-05-31', 'GCC03SE2', '8'),
(1764, 12, '2023-06-07', 'GCC03SE2', '6'),
(1765, 12, '2023-06-07', 'GCC03SE2', '7'),
(1766, 12, '2023-06-07', 'GCC03SE2', '8'),
(1767, 12, '2023-06-14', 'GCC03SE2', '6'),
(1768, 12, '2023-06-14', 'GCC03SE2', '7'),
(1769, 12, '2023-06-14', 'GCC03SE2', '8'),
(1770, 12, '2023-06-21', 'GCC03SE2', '6'),
(1771, 12, '2023-06-21', 'GCC03SE2', '7'),
(1772, 12, '2023-06-21', 'GCC03SE2', '8'),
(1773, 12, '2023-06-28', 'GCC03SE2', '6'),
(1774, 12, '2023-06-28', 'GCC03SE2', '7'),
(1775, 12, '2023-06-28', 'GCC03SE2', '8'),
(1776, 12, '2023-07-12', 'GCC03SE2', '6'),
(1777, 12, '2023-07-12', 'GCC03SE2', '7'),
(1778, 12, '2023-07-12', 'GCC03SE2', '8'),
(1779, 12, '2023-07-19', 'GCC03SE2', '6'),
(1780, 12, '2023-07-19', 'GCC03SE2', '7'),
(1781, 12, '2023-07-19', 'GCC03SE2', '8'),
(1782, 2, '2023-05-10', 'GCO1101', '1'),
(1783, 2, '2023-05-10', 'GCO1101', '2'),
(1784, 2, '2023-05-12', 'GCO1101', '1'),
(1785, 2, '2023-05-12', 'GCO1101', '2'),
(1786, 2, '2023-05-19', 'GCO1101', '1'),
(1787, 2, '2023-05-19', 'GCO1101', '2'),
(1788, 2, '2023-05-24', 'GCO1101', '1'),
(1789, 2, '2023-05-24', 'GCO1101', '2'),
(1790, 2, '2023-05-26', 'GCO1101', '1'),
(1791, 2, '2023-05-26', 'GCO1101', '2'),
(1792, 2, '2023-05-31', 'GCO1101', '1'),
(1793, 2, '2023-05-31', 'GCO1101', '2'),
(1794, 2, '2023-06-02', 'GCO1101', '1'),
(1795, 2, '2023-06-02', 'GCO1101', '2'),
(1796, 2, '2023-06-07', 'GCO1101', '1'),
(1797, 2, '2023-06-07', 'GCO1101', '2'),
(1798, 2, '2023-06-09', 'GCO1101', '1'),
(1799, 2, '2023-06-09', 'GCO1101', '2'),
(1800, 2, '2023-06-14', 'GCO1101', '1'),
(1801, 2, '2023-06-14', 'GCO1101', '2'),
(1802, 2, '2023-06-16', 'GCO1101', '1'),
(1803, 2, '2023-06-16', 'GCO1101', '2'),
(1804, 2, '2023-06-21', 'GCO1101', '1'),
(1805, 2, '2023-06-21', 'GCO1101', '2'),
(1806, 2, '2023-06-23', 'GCO1101', '1'),
(1807, 2, '2023-06-23', 'GCO1101', '2'),
(1808, 2, '2023-06-28', 'GCO1101', '1'),
(1809, 2, '2023-06-28', 'GCO1101', '2'),
(1810, 2, '2023-06-30', 'GCO1101', '1'),
(1811, 2, '2023-06-30', 'GCO1101', '2'),
(1812, 2, '2023-07-12', 'GCO1101', '1'),
(1813, 2, '2023-07-12', 'GCO1101', '2'),
(1814, 2, '2023-05-11', 'GCO1101', '1'),
(1815, 2, '2023-05-11', 'GCO1101', '2'),
(1816, 2, '2023-05-16', 'GCO1101', '1'),
(1817, 2, '2023-05-16', 'GCO1101', '2'),
(1818, 2, '2023-05-23', 'GCO1101', '1'),
(1819, 2, '2023-05-23', 'GCO1101', '2'),
(1820, 2, '2023-05-25', 'GCO1101', '1'),
(1821, 2, '2023-05-25', 'GCO1101', '2'),
(1822, 2, '2023-05-30', 'GCO1101', '1'),
(1823, 2, '2023-05-30', 'GCO1101', '2'),
(1824, 2, '2023-06-01', 'GCO1101', '1'),
(1825, 2, '2023-06-01', 'GCO1101', '2'),
(1826, 2, '2023-06-06', 'GCO1101', '1'),
(1827, 2, '2023-06-06', 'GCO1101', '2'),
(1828, 2, '2023-06-08', 'GCO1101', '1'),
(1829, 2, '2023-06-08', 'GCO1101', '2'),
(1830, 2, '2023-06-13', 'GCO1101', '1'),
(1831, 2, '2023-06-13', 'GCO1101', '2'),
(1832, 2, '2023-06-15', 'GCO1101', '1'),
(1833, 2, '2023-06-15', 'GCO1101', '2'),
(1834, 2, '2023-06-20', 'GCO1101', '1'),
(1835, 2, '2023-06-20', 'GCO1101', '2'),
(1836, 2, '2023-06-22', 'GCO1101', '1'),
(1837, 2, '2023-06-22', 'GCO1101', '2'),
(1838, 2, '2023-06-27', 'GCO1101', '1'),
(1839, 2, '2023-06-27', 'GCO1101', '2'),
(1840, 2, '2023-06-29', 'GCO1101', '1'),
(1841, 2, '2023-06-29', 'GCO1101', '2'),
(1842, 2, '2023-07-11', 'GCO1101', '1'),
(1843, 2, '2023-07-11', 'GCO1101', '2'),
(1844, 2, '2023-07-13', 'GCO1101', '1'),
(1845, 2, '2023-07-13', 'GCO1101', '2'),
(1846, 2, '2023-05-10', 'GCO1102', '5'),
(1847, 2, '2023-05-10', 'GCO1102', '6'),
(1848, 2, '2023-05-12', 'GCO1102', '5'),
(1849, 2, '2023-05-12', 'GCO1102', '6'),
(1850, 2, '2023-05-17', 'GCO1102', '5'),
(1851, 2, '2023-05-17', 'GCO1102', '6'),
(1852, 2, '2023-05-24', 'GCO1102', '5'),
(1853, 2, '2023-05-24', 'GCO1102', '6'),
(1854, 2, '2023-05-31', 'GCO1102', '5'),
(1855, 2, '2023-05-31', 'GCO1102', '6'),
(1856, 2, '2023-06-02', 'GCO1102', '5'),
(1857, 2, '2023-06-02', 'GCO1102', '6'),
(1858, 2, '2023-06-07', 'GCO1102', '5'),
(1859, 2, '2023-06-07', 'GCO1102', '6'),
(1860, 2, '2023-06-09', 'GCO1102', '5'),
(1861, 2, '2023-06-09', 'GCO1102', '6'),
(1862, 2, '2023-06-14', 'GCO1102', '5'),
(1863, 2, '2023-06-14', 'GCO1102', '6'),
(1864, 2, '2023-06-16', 'GCO1102', '5'),
(1865, 2, '2023-06-16', 'GCO1102', '6'),
(1866, 2, '2023-06-21', 'GCO1102', '5'),
(1867, 2, '2023-06-21', 'GCO1102', '6'),
(1868, 2, '2023-06-23', 'GCO1102', '5'),
(1869, 2, '2023-06-23', 'GCO1102', '6'),
(1870, 2, '2023-06-28', 'GCO1102', '5'),
(1871, 2, '2023-06-28', 'GCO1102', '6'),
(1872, 2, '2023-06-30', 'GCO1102', '5'),
(1873, 2, '2023-06-30', 'GCO1102', '6'),
(1874, 2, '2023-07-12', 'GCO1102', '5'),
(1875, 2, '2023-07-12', 'GCO1102', '6'),
(1876, 2, '2023-07-14', 'GCO1102', '5'),
(1877, 2, '2023-07-14', 'GCO1102', '6'),
(1878, 2, '2023-05-11', 'GCO1102', '5'),
(1879, 2, '2023-05-11', 'GCO1102', '6'),
(1880, 2, '2023-05-16', 'GCO1102', '5'),
(1881, 2, '2023-05-16', 'GCO1102', '6'),
(1882, 2, '2023-05-23', 'GCO1102', '5'),
(1883, 2, '2023-05-23', 'GCO1102', '6'),
(1884, 2, '2023-05-25', 'GCO1102', '5'),
(1885, 2, '2023-05-25', 'GCO1102', '6'),
(1886, 2, '2023-05-30', 'GCO1102', '5'),
(1887, 2, '2023-05-30', 'GCO1102', '6'),
(1888, 2, '2023-06-01', 'GCO1102', '5'),
(1889, 2, '2023-06-01', 'GCO1102', '6'),
(1890, 2, '2023-06-06', 'GCO1102', '5'),
(1891, 2, '2023-06-06', 'GCO1102', '6'),
(1892, 2, '2023-06-08', 'GCO1102', '5'),
(1893, 2, '2023-06-08', 'GCO1102', '6'),
(1894, 2, '2023-06-13', 'GCO1102', '5'),
(1895, 2, '2023-06-13', 'GCO1102', '6'),
(1896, 2, '2023-06-15', 'GCO1102', '5'),
(1897, 2, '2023-06-15', 'GCO1102', '6'),
(1898, 2, '2023-06-20', 'GCO1102', '5'),
(1899, 2, '2023-06-20', 'GCO1102', '6'),
(1900, 2, '2023-06-22', 'GCO1102', '5'),
(1901, 2, '2023-06-22', 'GCO1102', '6'),
(1902, 2, '2023-06-27', 'GCO1102', '5'),
(1903, 2, '2023-06-27', 'GCO1102', '6'),
(1904, 2, '2023-06-29', 'GCO1102', '5'),
(1905, 2, '2023-06-29', 'GCO1102', '6'),
(1906, 2, '2023-07-11', 'GCO1102', '5'),
(1907, 2, '2023-07-11', 'GCO1102', '6'),
(1908, 2, '2023-07-13', 'GCO1102', '5'),
(1909, 2, '2023-07-13', 'GCO1102', '6'),
(1910, 3, '2023-05-16', 'GDE1101', '1'),
(1911, 3, '2023-05-16', 'GDE1101', '2'),
(1912, 3, '2023-05-18', 'GDE1101', '1'),
(1913, 3, '2023-05-18', 'GDE1101', '2'),
(1914, 3, '2023-05-23', 'GDE1101', '1'),
(1915, 3, '2023-05-23', 'GDE1101', '2'),
(1916, 3, '2023-05-25', 'GDE1101', '1'),
(1917, 3, '2023-05-25', 'GDE1101', '2'),
(1918, 3, '2023-05-30', 'GDE1101', '1'),
(1919, 3, '2023-05-30', 'GDE1101', '2'),
(1920, 3, '2023-06-01', 'GDE1101', '1'),
(1921, 3, '2023-06-01', 'GDE1101', '2'),
(1922, 3, '2023-06-06', 'GDE1101', '1'),
(1923, 3, '2023-06-06', 'GDE1101', '2'),
(1924, 3, '2023-06-08', 'GDE1101', '1'),
(1925, 3, '2023-06-08', 'GDE1101', '2'),
(1926, 3, '2023-06-13', 'GDE1101', '1'),
(1927, 3, '2023-06-13', 'GDE1101', '2'),
(1928, 3, '2023-06-15', 'GDE1101', '1'),
(1929, 3, '2023-06-15', 'GDE1101', '2'),
(1930, 3, '2023-06-20', 'GDE1101', '1'),
(1931, 3, '2023-06-20', 'GDE1101', '2'),
(1932, 3, '2023-06-22', 'GDE1101', '1'),
(1933, 3, '2023-06-22', 'GDE1101', '2'),
(1934, 3, '2023-06-27', 'GDE1101', '1'),
(1935, 3, '2023-06-27', 'GDE1101', '2'),
(1936, 3, '2023-06-29', 'GDE1101', '1'),
(1937, 3, '2023-06-29', 'GDE1101', '2'),
(1938, 3, '2023-07-11', 'GDE1101', '1'),
(1939, 3, '2023-07-11', 'GDE1101', '2'),
(1940, 3, '2023-07-13', 'GDE1101', '1'),
(1941, 3, '2023-07-13', 'GDE1101', '2'),
(1942, 3, '2023-05-15', 'GDE1101', '1'),
(1943, 3, '2023-05-15', 'GDE1101', '2'),
(1944, 3, '2023-05-17', 'GDE1101', '1'),
(1945, 3, '2023-05-17', 'GDE1101', '2'),
(1946, 3, '2023-05-22', 'GDE1101', '1'),
(1947, 3, '2023-05-22', 'GDE1101', '2'),
(1948, 3, '2023-05-24', 'GDE1101', '1'),
(1949, 3, '2023-05-24', 'GDE1101', '2'),
(1950, 3, '2023-05-29', 'GDE1101', '1'),
(1951, 3, '2023-05-29', 'GDE1101', '2'),
(1952, 3, '2023-05-31', 'GDE1101', '1'),
(1953, 3, '2023-05-31', 'GDE1101', '2'),
(1954, 3, '2023-06-05', 'GDE1101', '1'),
(1955, 3, '2023-06-05', 'GDE1101', '2'),
(1956, 3, '2023-06-07', 'GDE1101', '1'),
(1957, 3, '2023-06-07', 'GDE1101', '2'),
(1958, 3, '2023-06-12', 'GDE1101', '1'),
(1959, 3, '2023-06-12', 'GDE1101', '2'),
(1960, 3, '2023-06-14', 'GDE1101', '1'),
(1961, 3, '2023-06-14', 'GDE1101', '2'),
(1962, 3, '2023-06-19', 'GDE1101', '1'),
(1963, 3, '2023-06-19', 'GDE1101', '2'),
(1964, 3, '2023-06-21', 'GDE1101', '1'),
(1965, 3, '2023-06-21', 'GDE1101', '2'),
(1966, 3, '2023-06-26', 'GDE1101', '1'),
(1967, 3, '2023-06-26', 'GDE1101', '2'),
(1968, 3, '2023-06-28', 'GDE1101', '1'),
(1969, 3, '2023-06-28', 'GDE1101', '2'),
(1970, 3, '2023-07-10', 'GDE1101', '1'),
(1971, 3, '2023-07-10', 'GDE1101', '2'),
(1972, 3, '2023-07-12', 'GDE1101', '1'),
(1973, 3, '2023-07-12', 'GDE1101', '2');

-- --------------------------------------------------------

--
-- Cấu trúc bảng cho bảng `user`
--

CREATE TABLE `user` (
  `id` int(11) NOT NULL,
  `email` varchar(180) NOT NULL,
  `roles` longtext NOT NULL COMMENT '(DC2Type:json)',
  `password` varchar(255) DEFAULT NULL,
  `fullname` varchar(255) NOT NULL,
  `mssv_cb` varchar(255) DEFAULT NULL,
  `phone` varchar(12) DEFAULT NULL
) ENGINE=InnoDB DEFAULT CHARSET=utf8mb4 COLLATE=utf8mb4_unicode_ci;

--
-- Đang đổ dữ liệu cho bảng `user`
--

INSERT INTO `user` (`id`, `email`, `roles`, `password`, `fullname`, `mssv_cb`, `phone`) VALUES
(2682, 'booking.fgwct@fpt.edu.vn', '[\"ROLE_ADMIN\"]', '$2y$13$9Gs8jcja7HlPd3LeiaVHxeKhdrRrITAilPurEoRX0QBlIDYMC8wKa', 'Admin', 'Admin', 'none'),
(2888, 'trungtngcc19009@fpt.edu.vn', '[\"ROLE_USER\"]', '$2y$13$ScF2fnB6CKIO6AKkvyakQOrIngvG7SMGdUkcHCAia3pPWOzN3gyk2', 'Trung Ngọc Thạch', 'GCC19009', 'none');

--
-- Chỉ mục cho các bảng đã đổ
--

--
-- Chỉ mục cho bảng `doctrine_migration_versions`
--
ALTER TABLE `doctrine_migration_versions`
  ADD PRIMARY KEY (`version`);

--
-- Chỉ mục cho bảng `reservation`
--
ALTER TABLE `reservation`
  ADD PRIMARY KEY (`id`),
  ADD KEY `IDX_42C84955A76ED395` (`user_id`),
  ADD KEY `IDX_42C8495554177093` (`room_id`);

--
-- Chỉ mục cho bảng `room`
--
ALTER TABLE `room`
  ADD PRIMARY KEY (`id`);

--
-- Chỉ mục cho bảng `schedule`
--
ALTER TABLE `schedule`
  ADD PRIMARY KEY (`id`),
  ADD KEY `IDX_5A3811FB54177093` (`room_id`);

--
-- Chỉ mục cho bảng `user`
--
ALTER TABLE `user`
  ADD PRIMARY KEY (`id`),
  ADD UNIQUE KEY `UNIQ_8D93D649E7927C74` (`email`);

--
-- AUTO_INCREMENT cho các bảng đã đổ
--

--
-- AUTO_INCREMENT cho bảng `reservation`
--
ALTER TABLE `reservation`
  MODIFY `id` int(11) NOT NULL AUTO_INCREMENT;

--
-- AUTO_INCREMENT cho bảng `room`
--
ALTER TABLE `room`
  MODIFY `id` int(11) NOT NULL AUTO_INCREMENT, AUTO_INCREMENT=28;

--
-- AUTO_INCREMENT cho bảng `schedule`
--
ALTER TABLE `schedule`
  MODIFY `id` int(11) NOT NULL AUTO_INCREMENT, AUTO_INCREMENT=1974;

--
-- AUTO_INCREMENT cho bảng `user`
--
ALTER TABLE `user`
  MODIFY `id` int(11) NOT NULL AUTO_INCREMENT, AUTO_INCREMENT=2890;

--
-- Các ràng buộc cho các bảng đã đổ
--

--
-- Các ràng buộc cho bảng `reservation`
--
ALTER TABLE `reservation`
  ADD CONSTRAINT `FK_42C8495554177093` FOREIGN KEY (`room_id`) REFERENCES `room` (`id`),
  ADD CONSTRAINT `FK_42C84955A76ED395` FOREIGN KEY (`user_id`) REFERENCES `user` (`id`);

--
-- Các ràng buộc cho bảng `schedule`
--
ALTER TABLE `schedule`
  ADD CONSTRAINT `FK_5A3811FB54177093` FOREIGN KEY (`room_id`) REFERENCES `room` (`id`);
COMMIT;

/*!40101 SET CHARACTER_SET_CLIENT=@OLD_CHARACTER_SET_CLIENT */;
/*!40101 SET CHARACTER_SET_RESULTS=@OLD_CHARACTER_SET_RESULTS */;
/*!40101 SET COLLATION_CONNECTION=@OLD_COLLATION_CONNECTION */;
